prolificId,task,literacy,hard,complexity,condition,vis,measure,value
6107475747d6c3b6eb05669e,K1,,,3,animated,upset,selection,K1_14
6107475747d6c3b6eb05669e,K1,,,3,animated,upset,accuracy,0
6107475747d6c3b6eb05669e,K1,,,3,animated,upset,time,0.34631666666666666
6107475747d6c3b6eb05669e,K2,,,3,animated,upset,selection,K2_1
6107475747d6c3b6eb05669e,K2,,,3,animated,upset,accuracy,0
6107475747d6c3b6eb05669e,K2,,,3,animated,upset,time,0.46825
6107475747d6c3b6eb05669e,K3,,,3,animated,upset,selection,K3_16
6107475747d6c3b6eb05669e,K3,,,3,animated,upset,selection,K3_18
6107475747d6c3b6eb05669e,K3,,,3,animated,upset,accuracy,1
6107475747d6c3b6eb05669e,K3,,,3,animated,upset,time,0.7083499999999999
6107475747d6c3b6eb05669e,K4,,,3,animated,upset,accuracy,1
6107475747d6c3b6eb05669e,K4,,,3,animated,upset,time,0.5122833333333333
6107475747d6c3b6eb05669e,K5,,,3,animated,upset,selection,K5_1
6107475747d6c3b6eb05669e,K5,,,3,animated,upset,selection,K5_2
6107475747d6c3b6eb05669e,K5,,,3,animated,upset,selection,K5_3
6107475747d6c3b6eb05669e,K5,,,3,animated,upset,selection,K5_4
6107475747d6c3b6eb05669e,K5,,,3,animated,upset,selection,K5_6
6107475747d6c3b6eb05669e,K5,,,3,animated,upset,accuracy,0
6107475747d6c3b6eb05669e,K5,,,3,animated,upset,time,1.4847333333333335
6110b932387d8b48daa71519,K1,,,3,animated,upset,selection,K1_3
6110b932387d8b48daa71519,K1,,,3,animated,upset,accuracy,1
6110b932387d8b48daa71519,K1,,,3,animated,upset,time,0.5861166666666667
6110b932387d8b48daa71519,K2,,,3,animated,upset,selection,K2_1
6110b932387d8b48daa71519,K2,,,3,animated,upset,selection,K2_2
6110b932387d8b48daa71519,K2,,,3,animated,upset,selection,K2_6
6110b932387d8b48daa71519,K2,,,3,animated,upset,selection,K2_7
6110b932387d8b48daa71519,K2,,,3,animated,upset,selection,K2_8
6110b932387d8b48daa71519,K2,,,3,animated,upset,selection,K2_11
6110b932387d8b48daa71519,K2,,,3,animated,upset,selection,K2_13
6110b932387d8b48daa71519,K2,,,3,animated,upset,accuracy,1
6110b932387d8b48daa71519,K2,,,3,animated,upset,time,0.8405166666666666
6110b932387d8b48daa71519,K3,,,3,animated,upset,selection,K3_2
6110b932387d8b48daa71519,K3,,,3,animated,upset,selection,K3_4
6110b932387d8b48daa71519,K3,,,3,animated,upset,selection,K3_6
6110b932387d8b48daa71519,K3,,,3,animated,upset,selection,K3_7
6110b932387d8b48daa71519,K3,,,3,animated,upset,selection,K3_9
6110b932387d8b48daa71519,K3,,,3,animated,upset,selection,K3_10
6110b932387d8b48daa71519,K3,,,3,animated,upset,selection,K3_12
6110b932387d8b48daa71519,K3,,,3,animated,upset,selection,K3_13
6110b932387d8b48daa71519,K3,,,3,animated,upset,selection,K3_16
6110b932387d8b48daa71519,K3,,,3,animated,upset,selection,K3_18
6110b932387d8b48daa71519,K3,,,3,animated,upset,accuracy,0
6110b932387d8b48daa71519,K3,,,3,animated,upset,time,0.72725
6110b932387d8b48daa71519,K4,,,3,animated,upset,accuracy,1
6110b932387d8b48daa71519,K4,,,3,animated,upset,time,0.8234333333333334
6110b932387d8b48daa71519,K5,,,3,animated,upset,selection,K5_1
6110b932387d8b48daa71519,K5,,,3,animated,upset,selection,K5_2
6110b932387d8b48daa71519,K5,,,3,animated,upset,selection,K5_3
6110b932387d8b48daa71519,K5,,,3,animated,upset,selection,K5_4
6110b932387d8b48daa71519,K5,,,3,animated,upset,accuracy,1
6110b932387d8b48daa71519,K5,,,3,animated,upset,time,0.6233333333333333
61215cd23dbee9e8f43a5cae,K1,,,2,animated,upset,selection,K1_3
61215cd23dbee9e8f43a5cae,K1,,,2,animated,upset,accuracy,1
61215cd23dbee9e8f43a5cae,K1,,,2,animated,upset,time,0.2952666666666667
61215cd23dbee9e8f43a5cae,K2,,,2,animated,upset,selection,K2_1
61215cd23dbee9e8f43a5cae,K2,,,2,animated,upset,selection,K2_2
61215cd23dbee9e8f43a5cae,K2,,,2,animated,upset,selection,K2_6
61215cd23dbee9e8f43a5cae,K2,,,2,animated,upset,selection,K2_7
61215cd23dbee9e8f43a5cae,K2,,,2,animated,upset,selection,K2_8
61215cd23dbee9e8f43a5cae,K2,,,2,animated,upset,selection,K2_11
61215cd23dbee9e8f43a5cae,K2,,,2,animated,upset,selection,K2_13
61215cd23dbee9e8f43a5cae,K2,,,2,animated,upset,accuracy,1
61215cd23dbee9e8f43a5cae,K2,,,2,animated,upset,time,0.39331666666666665
61215cd23dbee9e8f43a5cae,K3,,,2,animated,upset,selection,K3_2
61215cd23dbee9e8f43a5cae,K3,,,2,animated,upset,selection,K3_4
61215cd23dbee9e8f43a5cae,K3,,,2,animated,upset,selection,K3_6
61215cd23dbee9e8f43a5cae,K3,,,2,animated,upset,selection,K3_7
61215cd23dbee9e8f43a5cae,K3,,,2,animated,upset,selection,K3_9
61215cd23dbee9e8f43a5cae,K3,,,2,animated,upset,selection,K3_10
61215cd23dbee9e8f43a5cae,K3,,,2,animated,upset,selection,K3_12
61215cd23dbee9e8f43a5cae,K3,,,2,animated,upset,selection,K3_13
61215cd23dbee9e8f43a5cae,K3,,,2,animated,upset,accuracy,0
61215cd23dbee9e8f43a5cae,K3,,,2,animated,upset,time,0.51745
61215cd23dbee9e8f43a5cae,K4,,,2,animated,upset,accuracy,1
61215cd23dbee9e8f43a5cae,K4,,,2,animated,upset,time,0.62095
61215cd23dbee9e8f43a5cae,K5,,,2,animated,upset,selection,K5_1
61215cd23dbee9e8f43a5cae,K5,,,2,animated,upset,selection,K5_2
61215cd23dbee9e8f43a5cae,K5,,,2,animated,upset,selection,K5_3
61215cd23dbee9e8f43a5cae,K5,,,2,animated,upset,selection,K5_4
61215cd23dbee9e8f43a5cae,K5,,,2,animated,upset,accuracy,1
61215cd23dbee9e8f43a5cae,K5,,,2,animated,upset,time,0.9958833333333333
61214d26760c99d38b424045,K1,,,3,animated,upset,selection,K1_3
61214d26760c99d38b424045,K1,,,3,animated,upset,selection,K1_14
61214d26760c99d38b424045,K1,,,3,animated,upset,accuracy,0
61214d26760c99d38b424045,K1,,,3,animated,upset,time,1.0201166666666668
61214d26760c99d38b424045,K2,,,3,animated,upset,selection,K2_1
61214d26760c99d38b424045,K2,,,3,animated,upset,accuracy,0
61214d26760c99d38b424045,K2,,,3,animated,upset,time,0.21565
61214d26760c99d38b424045,K3,,,3,animated,upset,selection,K3_2
61214d26760c99d38b424045,K3,,,3,animated,upset,selection,K3_4
61214d26760c99d38b424045,K3,,,3,animated,upset,selection,K3_6
61214d26760c99d38b424045,K3,,,3,animated,upset,selection,K3_7
61214d26760c99d38b424045,K3,,,3,animated,upset,selection,K3_9
61214d26760c99d38b424045,K3,,,3,animated,upset,selection,K3_10
61214d26760c99d38b424045,K3,,,3,animated,upset,selection,K3_12
61214d26760c99d38b424045,K3,,,3,animated,upset,selection,K3_13
61214d26760c99d38b424045,K3,,,3,animated,upset,selection,K3_16
61214d26760c99d38b424045,K3,,,3,animated,upset,selection,K3_18
61214d26760c99d38b424045,K3,,,3,animated,upset,accuracy,0
61214d26760c99d38b424045,K3,,,3,animated,upset,time,0.6494333333333333
61214d26760c99d38b424045,K4,,,3,animated,upset,accuracy,1
61214d26760c99d38b424045,K4,,,3,animated,upset,time,0.36125
61214d26760c99d38b424045,K5,,,3,animated,upset,selection,K5_1
61214d26760c99d38b424045,K5,,,3,animated,upset,selection,K5_2
61214d26760c99d38b424045,K5,,,3,animated,upset,selection,K5_3
61214d26760c99d38b424045,K5,,,3,animated,upset,selection,K5_4
61214d26760c99d38b424045,K5,,,3,animated,upset,accuracy,1
61214d26760c99d38b424045,K5,,,3,animated,upset,time,0.63795
61036aeff93d21cabb9ea539,K1,,,2,animated,upset,selection,K1_14
61036aeff93d21cabb9ea539,K1,,,2,animated,upset,accuracy,0
61036aeff93d21cabb9ea539,K1,,,2,animated,upset,time,0.48558333333333337
61036aeff93d21cabb9ea539,K2,,,2,animated,upset,selection,K2_1
61036aeff93d21cabb9ea539,K2,,,2,animated,upset,accuracy,0
61036aeff93d21cabb9ea539,K2,,,2,animated,upset,time,0.35864999999999997
61036aeff93d21cabb9ea539,K3,,,2,animated,upset,selection,K3_2
61036aeff93d21cabb9ea539,K3,,,2,animated,upset,selection,K3_4
61036aeff93d21cabb9ea539,K3,,,2,animated,upset,selection,K3_6
61036aeff93d21cabb9ea539,K3,,,2,animated,upset,selection,K3_7
61036aeff93d21cabb9ea539,K3,,,2,animated,upset,selection,K3_9
61036aeff93d21cabb9ea539,K3,,,2,animated,upset,selection,K3_10
61036aeff93d21cabb9ea539,K3,,,2,animated,upset,selection,K3_12
61036aeff93d21cabb9ea539,K3,,,2,animated,upset,selection,K3_13
61036aeff93d21cabb9ea539,K3,,,2,animated,upset,selection,K3_16
61036aeff93d21cabb9ea539,K3,,,2,animated,upset,selection,K3_18
61036aeff93d21cabb9ea539,K3,,,2,animated,upset,accuracy,0
61036aeff93d21cabb9ea539,K3,,,2,animated,upset,time,1.2846499999999998
61036aeff93d21cabb9ea539,K4,,,2,animated,upset,selection,K4_14
61036aeff93d21cabb9ea539,K4,,,2,animated,upset,selection,K4_15
61036aeff93d21cabb9ea539,K4,,,2,animated,upset,selection,K4_16
61036aeff93d21cabb9ea539,K4,,,2,animated,upset,selection,K4_18
61036aeff93d21cabb9ea539,K4,,,2,animated,upset,selection,K4_19
61036aeff93d21cabb9ea539,K4,,,2,animated,upset,selection,K4_20
61036aeff93d21cabb9ea539,K4,,,2,animated,upset,accuracy,0
61036aeff93d21cabb9ea539,K4,,,2,animated,upset,time,2.4813833333333335
61036aeff93d21cabb9ea539,K5,,,2,animated,upset,selection,K5_5
61036aeff93d21cabb9ea539,K5,,,2,animated,upset,accuracy,0
61036aeff93d21cabb9ea539,K5,,,2,animated,upset,time,0.6049
61089d250225d4a8180ae6b5,K1,,,2,animated,upset,selection,K1_3
61089d250225d4a8180ae6b5,K1,,,2,animated,upset,accuracy,1
61089d250225d4a8180ae6b5,K1,,,2,animated,upset,time,0.2895333333333333
61089d250225d4a8180ae6b5,K2,,,2,animated,upset,selection,K2_1
61089d250225d4a8180ae6b5,K2,,,2,animated,upset,selection,K2_2
61089d250225d4a8180ae6b5,K2,,,2,animated,upset,selection,K2_6
61089d250225d4a8180ae6b5,K2,,,2,animated,upset,selection,K2_7
61089d250225d4a8180ae6b5,K2,,,2,animated,upset,selection,K2_8
61089d250225d4a8180ae6b5,K2,,,2,animated,upset,selection,K2_11
61089d250225d4a8180ae6b5,K2,,,2,animated,upset,selection,K2_13
61089d250225d4a8180ae6b5,K2,,,2,animated,upset,accuracy,1
61089d250225d4a8180ae6b5,K2,,,2,animated,upset,time,0.5117666666666667
61089d250225d4a8180ae6b5,K3,,,2,animated,upset,selection,K3_16
61089d250225d4a8180ae6b5,K3,,,2,animated,upset,selection,K3_18
61089d250225d4a8180ae6b5,K3,,,2,animated,upset,accuracy,1
61089d250225d4a8180ae6b5,K3,,,2,animated,upset,time,0.33985
61089d250225d4a8180ae6b5,K4,,,2,animated,upset,accuracy,1
61089d250225d4a8180ae6b5,K4,,,2,animated,upset,time,0.34008333333333335
61089d250225d4a8180ae6b5,K5,,,2,animated,upset,selection,K5_1
61089d250225d4a8180ae6b5,K5,,,2,animated,upset,selection,K5_2
61089d250225d4a8180ae6b5,K5,,,2,animated,upset,selection,K5_3
61089d250225d4a8180ae6b5,K5,,,2,animated,upset,selection,K5_4
61089d250225d4a8180ae6b5,K5,,,2,animated,upset,accuracy,1
61089d250225d4a8180ae6b5,K5,,,2,animated,upset,time,0.5303666666666667
60fcd5d468fe91a61fb1d65a,K1,,,2,animated,upset,selection,K1_3
60fcd5d468fe91a61fb1d65a,K1,,,2,animated,upset,accuracy,1
60fcd5d468fe91a61fb1d65a,K1,,,2,animated,upset,time,0.6312333333333334
60fcd5d468fe91a61fb1d65a,K2,,,2,animated,upset,selection,K2_1
60fcd5d468fe91a61fb1d65a,K2,,,2,animated,upset,accuracy,0
60fcd5d468fe91a61fb1d65a,K2,,,2,animated,upset,time,0.5599666666666666
60fcd5d468fe91a61fb1d65a,K3,,,2,animated,upset,selection,K3_16
60fcd5d468fe91a61fb1d65a,K3,,,2,animated,upset,selection,K3_18
60fcd5d468fe91a61fb1d65a,K3,,,2,animated,upset,accuracy,1
60fcd5d468fe91a61fb1d65a,K3,,,2,animated,upset,time,0.8112166666666667
60fcd5d468fe91a61fb1d65a,K4,,,2,animated,upset,accuracy,1
60fcd5d468fe91a61fb1d65a,K4,,,2,animated,upset,time,0.6647
60fcd5d468fe91a61fb1d65a,K5,,,2,animated,upset,selection,K5_5
60fcd5d468fe91a61fb1d65a,K5,,,2,animated,upset,accuracy,0
60fcd5d468fe91a61fb1d65a,K5,,,2,animated,upset,time,0.4601
6108613cddaabef69a9a954c,K1,,,5,animated,upset,selection,K1_3
6108613cddaabef69a9a954c,K1,,,5,animated,upset,accuracy,1
6108613cddaabef69a9a954c,K1,,,5,animated,upset,time,0.5633666666666667
6108613cddaabef69a9a954c,K2,,,5,animated,upset,selection,K2_14
6108613cddaabef69a9a954c,K2,,,5,animated,upset,selection,K2_15
6108613cddaabef69a9a954c,K2,,,5,animated,upset,accuracy,0
6108613cddaabef69a9a954c,K2,,,5,animated,upset,time,0.5602833333333332
6108613cddaabef69a9a954c,K3,,,5,animated,upset,selection,K3_2
6108613cddaabef69a9a954c,K3,,,5,animated,upset,selection,K3_4
6108613cddaabef69a9a954c,K3,,,5,animated,upset,selection,K3_6
6108613cddaabef69a9a954c,K3,,,5,animated,upset,selection,K3_7
6108613cddaabef69a9a954c,K3,,,5,animated,upset,selection,K3_9
6108613cddaabef69a9a954c,K3,,,5,animated,upset,selection,K3_10
6108613cddaabef69a9a954c,K3,,,5,animated,upset,selection,K3_12
6108613cddaabef69a9a954c,K3,,,5,animated,upset,selection,K3_13
6108613cddaabef69a9a954c,K3,,,5,animated,upset,selection,K3_16
6108613cddaabef69a9a954c,K3,,,5,animated,upset,selection,K3_18
6108613cddaabef69a9a954c,K3,,,5,animated,upset,accuracy,0
6108613cddaabef69a9a954c,K3,,,5,animated,upset,time,0.8050499999999999
6108613cddaabef69a9a954c,K4,,,5,animated,upset,accuracy,1
6108613cddaabef69a9a954c,K4,,,5,animated,upset,time,0.3702
6108613cddaabef69a9a954c,K5,,,5,animated,upset,selection,K5_5
6108613cddaabef69a9a954c,K5,,,5,animated,upset,accuracy,0
6108613cddaabef69a9a954c,K5,,,5,animated,upset,time,0.6362166666666667
6115db5b582ffcc593d95677,K1,,,1,animated,upset,selection,K1_3
6115db5b582ffcc593d95677,K1,,,1,animated,upset,accuracy,1
6115db5b582ffcc593d95677,K1,,,1,animated,upset,time,0.33963333333333334
6115db5b582ffcc593d95677,K2,,,1,animated,upset,selection,K2_1
6115db5b582ffcc593d95677,K2,,,1,animated,upset,accuracy,0
6115db5b582ffcc593d95677,K2,,,1,animated,upset,time,0.16731666666666667
6115db5b582ffcc593d95677,K3,,,1,animated,upset,selection,K3_9
6115db5b582ffcc593d95677,K3,,,1,animated,upset,accuracy,0
6115db5b582ffcc593d95677,K3,,,1,animated,upset,time,0.21396666666666667
6115db5b582ffcc593d95677,K4,,,1,animated,upset,accuracy,1
6115db5b582ffcc593d95677,K4,,,1,animated,upset,time,0.28025
6115db5b582ffcc593d95677,K5,,,1,animated,upset,selection,K5_1
6115db5b582ffcc593d95677,K5,,,1,animated,upset,selection,K5_2
6115db5b582ffcc593d95677,K5,,,1,animated,upset,selection,K5_3
6115db5b582ffcc593d95677,K5,,,1,animated,upset,selection,K5_4
6115db5b582ffcc593d95677,K5,,,1,animated,upset,accuracy,1
6115db5b582ffcc593d95677,K5,,,1,animated,upset,time,0.32083333333333336
6121554632b59f8afc93d30f,K1,,,5,animated,upset,selection,K1_3
6121554632b59f8afc93d30f,K1,,,5,animated,upset,accuracy,1
6121554632b59f8afc93d30f,K1,,,5,animated,upset,time,0.32131666666666664
6121554632b59f8afc93d30f,K2,,,5,animated,upset,selection,K2_1
6121554632b59f8afc93d30f,K2,,,5,animated,upset,selection,K2_2
6121554632b59f8afc93d30f,K2,,,5,animated,upset,selection,K2_6
6121554632b59f8afc93d30f,K2,,,5,animated,upset,selection,K2_7
6121554632b59f8afc93d30f,K2,,,5,animated,upset,selection,K2_8
6121554632b59f8afc93d30f,K2,,,5,animated,upset,selection,K2_11
6121554632b59f8afc93d30f,K2,,,5,animated,upset,selection,K2_13
6121554632b59f8afc93d30f,K2,,,5,animated,upset,accuracy,1
6121554632b59f8afc93d30f,K2,,,5,animated,upset,time,0.26331666666666664
6121554632b59f8afc93d30f,K3,,,5,animated,upset,selection,K3_2
6121554632b59f8afc93d30f,K3,,,5,animated,upset,selection,K3_4
6121554632b59f8afc93d30f,K3,,,5,animated,upset,selection,K3_6
6121554632b59f8afc93d30f,K3,,,5,animated,upset,selection,K3_7
6121554632b59f8afc93d30f,K3,,,5,animated,upset,selection,K3_9
6121554632b59f8afc93d30f,K3,,,5,animated,upset,selection,K3_10
6121554632b59f8afc93d30f,K3,,,5,animated,upset,selection,K3_12
6121554632b59f8afc93d30f,K3,,,5,animated,upset,selection,K3_13
6121554632b59f8afc93d30f,K3,,,5,animated,upset,accuracy,0
6121554632b59f8afc93d30f,K3,,,5,animated,upset,time,0.35891666666666666
6121554632b59f8afc93d30f,K4,,,5,animated,upset,accuracy,1
6121554632b59f8afc93d30f,K4,,,5,animated,upset,time,1.2502833333333332
6121554632b59f8afc93d30f,K5,,,5,animated,upset,selection,K5_1
6121554632b59f8afc93d30f,K5,,,5,animated,upset,selection,K5_2
6121554632b59f8afc93d30f,K5,,,5,animated,upset,selection,K5_3
6121554632b59f8afc93d30f,K5,,,5,animated,upset,selection,K5_4
6121554632b59f8afc93d30f,K5,,,5,animated,upset,accuracy,1
6121554632b59f8afc93d30f,K5,,,5,animated,upset,time,0.30866666666666664
61086eb84acb6fc80c5b3efb,K1,,,5,animated,upset,selection,K1_3
61086eb84acb6fc80c5b3efb,K1,,,5,animated,upset,accuracy,1
61086eb84acb6fc80c5b3efb,K1,,,5,animated,upset,time,0.63655
61086eb84acb6fc80c5b3efb,K2,,,5,animated,upset,selection,K2_1
61086eb84acb6fc80c5b3efb,K2,,,5,animated,upset,selection,K2_2
61086eb84acb6fc80c5b3efb,K2,,,5,animated,upset,selection,K2_6
61086eb84acb6fc80c5b3efb,K2,,,5,animated,upset,selection,K2_7
61086eb84acb6fc80c5b3efb,K2,,,5,animated,upset,selection,K2_8
61086eb84acb6fc80c5b3efb,K2,,,5,animated,upset,selection,K2_11
61086eb84acb6fc80c5b3efb,K2,,,5,animated,upset,selection,K2_13
61086eb84acb6fc80c5b3efb,K2,,,5,animated,upset,accuracy,1
61086eb84acb6fc80c5b3efb,K2,,,5,animated,upset,time,0.37273333333333336
61086eb84acb6fc80c5b3efb,K3,,,5,animated,upset,selection,K3_2
61086eb84acb6fc80c5b3efb,K3,,,5,animated,upset,selection,K3_4
61086eb84acb6fc80c5b3efb,K3,,,5,animated,upset,selection,K3_6
61086eb84acb6fc80c5b3efb,K3,,,5,animated,upset,selection,K3_7
61086eb84acb6fc80c5b3efb,K3,,,5,animated,upset,selection,K3_9
61086eb84acb6fc80c5b3efb,K3,,,5,animated,upset,selection,K3_10
61086eb84acb6fc80c5b3efb,K3,,,5,animated,upset,selection,K3_12
61086eb84acb6fc80c5b3efb,K3,,,5,animated,upset,selection,K3_13
61086eb84acb6fc80c5b3efb,K3,,,5,animated,upset,accuracy,0
61086eb84acb6fc80c5b3efb,K3,,,5,animated,upset,time,0.7775
61086eb84acb6fc80c5b3efb,K4,,,5,animated,upset,accuracy,1
61086eb84acb6fc80c5b3efb,K4,,,5,animated,upset,time,0.3539333333333333
61086eb84acb6fc80c5b3efb,K5,,,5,animated,upset,selection,K5_5
61086eb84acb6fc80c5b3efb,K5,,,5,animated,upset,accuracy,0
61086eb84acb6fc80c5b3efb,K5,,,5,animated,upset,time,0.15098333333333333
61087b55390c40cd3b34861b,K1,,,3,animated,upset,selection,K1_3
61087b55390c40cd3b34861b,K1,,,3,animated,upset,accuracy,1
61087b55390c40cd3b34861b,K1,,,3,animated,upset,time,1.1108666666666667
61087b55390c40cd3b34861b,K2,,,3,animated,upset,selection,K2_2
61087b55390c40cd3b34861b,K2,,,3,animated,upset,accuracy,0
61087b55390c40cd3b34861b,K2,,,3,animated,upset,time,0.18891666666666668
61087b55390c40cd3b34861b,K3,,,3,animated,upset,selection,K3_16
61087b55390c40cd3b34861b,K3,,,3,animated,upset,selection,K3_18
61087b55390c40cd3b34861b,K3,,,3,animated,upset,accuracy,1
61087b55390c40cd3b34861b,K3,,,3,animated,upset,time,0.6460166666666667
61087b55390c40cd3b34861b,K4,,,3,animated,upset,accuracy,1
61087b55390c40cd3b34861b,K4,,,3,animated,upset,time,0.5931
61087b55390c40cd3b34861b,K5,,,3,animated,upset,selection,K5_4
61087b55390c40cd3b34861b,K5,,,3,animated,upset,selection,K5_5
61087b55390c40cd3b34861b,K5,,,3,animated,upset,selection,K5_6
61087b55390c40cd3b34861b,K5,,,3,animated,upset,accuracy,0
61087b55390c40cd3b34861b,K5,,,3,animated,upset,time,0.7417
611e0a81b5dc862445afeb33,K1,,,3,animated,upset,selection,K1_1
611e0a81b5dc862445afeb33,K1,,,3,animated,upset,accuracy,0
611e0a81b5dc862445afeb33,K1,,,3,animated,upset,time,0.9744333333333334
611e0a81b5dc862445afeb33,K2,,,3,animated,upset,selection,K2_1
611e0a81b5dc862445afeb33,K2,,,3,animated,upset,selection,K2_14
611e0a81b5dc862445afeb33,K2,,,3,animated,upset,selection,K2_15
611e0a81b5dc862445afeb33,K2,,,3,animated,upset,accuracy,0
611e0a81b5dc862445afeb33,K2,,,3,animated,upset,time,0.3480166666666667
611e0a81b5dc862445afeb33,K3,,,3,animated,upset,selection,K3_7
611e0a81b5dc862445afeb33,K3,,,3,animated,upset,selection,K3_16
611e0a81b5dc862445afeb33,K3,,,3,animated,upset,selection,K3_18
611e0a81b5dc862445afeb33,K3,,,3,animated,upset,accuracy,0
611e0a81b5dc862445afeb33,K3,,,3,animated,upset,time,0.9999666666666667
611e0a81b5dc862445afeb33,K4,,,3,animated,upset,accuracy,1
611e0a81b5dc862445afeb33,K4,,,3,animated,upset,time,0.5199833333333334
611e0a81b5dc862445afeb33,K5,,,3,animated,upset,selection,K5_5
611e0a81b5dc862445afeb33,K5,,,3,animated,upset,accuracy,0
611e0a81b5dc862445afeb33,K5,,,3,animated,upset,time,0.3610833333333333
6108004ce6afe356277ea875,K1,,,2,animated,upset,selection,K1_14
6108004ce6afe356277ea875,K1,,,2,animated,upset,accuracy,0
6108004ce6afe356277ea875,K1,,,2,animated,upset,time,0.2660666666666667
6108004ce6afe356277ea875,K2,,,2,animated,upset,selection,K2_3
6108004ce6afe356277ea875,K2,,,2,animated,upset,accuracy,0
6108004ce6afe356277ea875,K2,,,2,animated,upset,time,0.20695
6108004ce6afe356277ea875,K3,,,2,animated,upset,selection,K3_16
6108004ce6afe356277ea875,K3,,,2,animated,upset,selection,K3_18
6108004ce6afe356277ea875,K3,,,2,animated,upset,accuracy,1
6108004ce6afe356277ea875,K3,,,2,animated,upset,time,0.40340000000000004
6108004ce6afe356277ea875,K4,,,2,animated,upset,selection,K4_14
6108004ce6afe356277ea875,K4,,,2,animated,upset,selection,K4_15
6108004ce6afe356277ea875,K4,,,2,animated,upset,selection,K4_16
6108004ce6afe356277ea875,K4,,,2,animated,upset,selection,K4_18
6108004ce6afe356277ea875,K4,,,2,animated,upset,selection,K4_19
6108004ce6afe356277ea875,K4,,,2,animated,upset,selection,K4_20
6108004ce6afe356277ea875,K4,,,2,animated,upset,accuracy,0
6108004ce6afe356277ea875,K4,,,2,animated,upset,time,0.5280666666666667
6108004ce6afe356277ea875,K5,,,2,animated,upset,selection,K5_5
6108004ce6afe356277ea875,K5,,,2,animated,upset,selection,K5_6
6108004ce6afe356277ea875,K5,,,2,animated,upset,accuracy,0
6108004ce6afe356277ea875,K5,,,2,animated,upset,time,0.6615
5ee68f6d9f602c0746fb6fb5,K1,,,5,animated,upset,selection,K1_3
5ee68f6d9f602c0746fb6fb5,K1,,,5,animated,upset,accuracy,1
5ee68f6d9f602c0746fb6fb5,K1,,,5,animated,upset,time,0.38638333333333336
5ee68f6d9f602c0746fb6fb5,K2,,,5,animated,upset,selection,K2_1
5ee68f6d9f602c0746fb6fb5,K2,,,5,animated,upset,accuracy,0
5ee68f6d9f602c0746fb6fb5,K2,,,5,animated,upset,time,0.09643333333333333
5ee68f6d9f602c0746fb6fb5,K3,,,5,animated,upset,selection,K3_2
5ee68f6d9f602c0746fb6fb5,K3,,,5,animated,upset,selection,K3_4
5ee68f6d9f602c0746fb6fb5,K3,,,5,animated,upset,selection,K3_6
5ee68f6d9f602c0746fb6fb5,K3,,,5,animated,upset,selection,K3_7
5ee68f6d9f602c0746fb6fb5,K3,,,5,animated,upset,selection,K3_9
5ee68f6d9f602c0746fb6fb5,K3,,,5,animated,upset,selection,K3_10
5ee68f6d9f602c0746fb6fb5,K3,,,5,animated,upset,selection,K3_12
5ee68f6d9f602c0746fb6fb5,K3,,,5,animated,upset,selection,K3_13
5ee68f6d9f602c0746fb6fb5,K3,,,5,animated,upset,accuracy,0
5ee68f6d9f602c0746fb6fb5,K3,,,5,animated,upset,time,0.47015
5ee68f6d9f602c0746fb6fb5,K4,,,5,animated,upset,accuracy,1
5ee68f6d9f602c0746fb6fb5,K4,,,5,animated,upset,time,0.39575
5ee68f6d9f602c0746fb6fb5,K5,,,5,animated,upset,selection,K5_1
5ee68f6d9f602c0746fb6fb5,K5,,,5,animated,upset,selection,K5_2
5ee68f6d9f602c0746fb6fb5,K5,,,5,animated,upset,selection,K5_3
5ee68f6d9f602c0746fb6fb5,K5,,,5,animated,upset,selection,K5_4
5ee68f6d9f602c0746fb6fb5,K5,,,5,animated,upset,accuracy,1
5ee68f6d9f602c0746fb6fb5,K5,,,5,animated,upset,time,0.3516666666666667
60fcdd3be2ae9576df065728,K1,,,2,animated,upset,selection,K1_3
60fcdd3be2ae9576df065728,K1,,,2,animated,upset,selection,K1_14
60fcdd3be2ae9576df065728,K1,,,2,animated,upset,accuracy,0
60fcdd3be2ae9576df065728,K1,,,2,animated,upset,time,0.7323333333333333
60fcdd3be2ae9576df065728,K2,,,2,animated,upset,selection,K2_1
60fcdd3be2ae9576df065728,K2,,,2,animated,upset,accuracy,0
60fcdd3be2ae9576df065728,K2,,,2,animated,upset,time,1.8762166666666666
60fcdd3be2ae9576df065728,K3,,,2,animated,upset,selection,K3_2
60fcdd3be2ae9576df065728,K3,,,2,animated,upset,selection,K3_4
60fcdd3be2ae9576df065728,K3,,,2,animated,upset,selection,K3_6
60fcdd3be2ae9576df065728,K3,,,2,animated,upset,selection,K3_7
60fcdd3be2ae9576df065728,K3,,,2,animated,upset,selection,K3_9
60fcdd3be2ae9576df065728,K3,,,2,animated,upset,selection,K3_10
60fcdd3be2ae9576df065728,K3,,,2,animated,upset,selection,K3_12
60fcdd3be2ae9576df065728,K3,,,2,animated,upset,selection,K3_13
60fcdd3be2ae9576df065728,K3,,,2,animated,upset,selection,K3_16
60fcdd3be2ae9576df065728,K3,,,2,animated,upset,selection,K3_18
60fcdd3be2ae9576df065728,K3,,,2,animated,upset,accuracy,0
60fcdd3be2ae9576df065728,K3,,,2,animated,upset,time,1.2261333333333333
60fcdd3be2ae9576df065728,K4,,,2,animated,upset,accuracy,1
60fcdd3be2ae9576df065728,K4,,,2,animated,upset,time,2.1356333333333333
60fcdd3be2ae9576df065728,K5,,,2,animated,upset,selection,K5_1
60fcdd3be2ae9576df065728,K5,,,2,animated,upset,selection,K5_2
60fcdd3be2ae9576df065728,K5,,,2,animated,upset,selection,K5_3
60fcdd3be2ae9576df065728,K5,,,2,animated,upset,selection,K5_4
60fcdd3be2ae9576df065728,K5,,,2,animated,upset,accuracy,1
60fcdd3be2ae9576df065728,K5,,,2,animated,upset,time,1.6301666666666668
611f123e92042b11d0b1ef8d,K1,,,3,animated,upset,selection,K1_3
611f123e92042b11d0b1ef8d,K1,,,3,animated,upset,accuracy,1
611f123e92042b11d0b1ef8d,K1,,,3,animated,upset,time,0.68135
611f123e92042b11d0b1ef8d,K2,,,3,animated,upset,selection,K2_1
611f123e92042b11d0b1ef8d,K2,,,3,animated,upset,accuracy,0
611f123e92042b11d0b1ef8d,K2,,,3,animated,upset,time,0.28219999999999995
611f123e92042b11d0b1ef8d,K3,,,3,animated,upset,selection,K3_9
611f123e92042b11d0b1ef8d,K3,,,3,animated,upset,selection,K3_16
611f123e92042b11d0b1ef8d,K3,,,3,animated,upset,selection,K3_18
611f123e92042b11d0b1ef8d,K3,,,3,animated,upset,accuracy,0
611f123e92042b11d0b1ef8d,K3,,,3,animated,upset,time,0.46968333333333334
611f123e92042b11d0b1ef8d,K4,,,3,animated,upset,accuracy,1
611f123e92042b11d0b1ef8d,K4,,,3,animated,upset,time,0.3625333333333333
611f123e92042b11d0b1ef8d,K5,,,3,animated,upset,selection,K5_1
611f123e92042b11d0b1ef8d,K5,,,3,animated,upset,selection,K5_2
611f123e92042b11d0b1ef8d,K5,,,3,animated,upset,selection,K5_3
611f123e92042b11d0b1ef8d,K5,,,3,animated,upset,selection,K5_4
611f123e92042b11d0b1ef8d,K5,,,3,animated,upset,accuracy,1
611f123e92042b11d0b1ef8d,K5,,,3,animated,upset,time,0.7817333333333334
6120634b88021dd20e14342c,K1,,,2,animated,upset,selection,K1_3
6120634b88021dd20e14342c,K1,,,2,animated,upset,accuracy,1
6120634b88021dd20e14342c,K1,,,2,animated,upset,time,0.4187
6120634b88021dd20e14342c,K2,,,2,animated,upset,selection,K2_1
6120634b88021dd20e14342c,K2,,,2,animated,upset,selection,K2_2
6120634b88021dd20e14342c,K2,,,2,animated,upset,selection,K2_6
6120634b88021dd20e14342c,K2,,,2,animated,upset,selection,K2_7
6120634b88021dd20e14342c,K2,,,2,animated,upset,selection,K2_8
6120634b88021dd20e14342c,K2,,,2,animated,upset,selection,K2_11
6120634b88021dd20e14342c,K2,,,2,animated,upset,selection,K2_13
6120634b88021dd20e14342c,K2,,,2,animated,upset,accuracy,1
6120634b88021dd20e14342c,K2,,,2,animated,upset,time,0.34158333333333335
6120634b88021dd20e14342c,K3,,,2,animated,upset,selection,K3_2
6120634b88021dd20e14342c,K3,,,2,animated,upset,selection,K3_4
6120634b88021dd20e14342c,K3,,,2,animated,upset,selection,K3_6
6120634b88021dd20e14342c,K3,,,2,animated,upset,selection,K3_7
6120634b88021dd20e14342c,K3,,,2,animated,upset,selection,K3_9
6120634b88021dd20e14342c,K3,,,2,animated,upset,selection,K3_10
6120634b88021dd20e14342c,K3,,,2,animated,upset,selection,K3_12
6120634b88021dd20e14342c,K3,,,2,animated,upset,selection,K3_13
6120634b88021dd20e14342c,K3,,,2,animated,upset,accuracy,0
6120634b88021dd20e14342c,K3,,,2,animated,upset,time,0.40259999999999996
6120634b88021dd20e14342c,K4,,,2,animated,upset,accuracy,1
6120634b88021dd20e14342c,K4,,,2,animated,upset,time,0.49515
6120634b88021dd20e14342c,K5,,,2,animated,upset,selection,K5_4
6120634b88021dd20e14342c,K5,,,2,animated,upset,selection,K5_5
6120634b88021dd20e14342c,K5,,,2,animated,upset,selection,K5_6
6120634b88021dd20e14342c,K5,,,2,animated,upset,accuracy,0
6120634b88021dd20e14342c,K5,,,2,animated,upset,time,0.8263833333333334
611a18ac60978ea2392dfa51,K1,,,2,animated,upset,selection,K1_3
611a18ac60978ea2392dfa51,K1,,,2,animated,upset,accuracy,1
611a18ac60978ea2392dfa51,K1,,,2,animated,upset,time,0.5319166666666667
611a18ac60978ea2392dfa51,K2,,,2,animated,upset,selection,K2_1
611a18ac60978ea2392dfa51,K2,,,2,animated,upset,selection,K2_2
611a18ac60978ea2392dfa51,K2,,,2,animated,upset,selection,K2_6
611a18ac60978ea2392dfa51,K2,,,2,animated,upset,selection,K2_7
611a18ac60978ea2392dfa51,K2,,,2,animated,upset,selection,K2_8
611a18ac60978ea2392dfa51,K2,,,2,animated,upset,selection,K2_11
611a18ac60978ea2392dfa51,K2,,,2,animated,upset,selection,K2_13
611a18ac60978ea2392dfa51,K2,,,2,animated,upset,accuracy,1
611a18ac60978ea2392dfa51,K2,,,2,animated,upset,time,1.1520666666666666
611a18ac60978ea2392dfa51,K3,,,2,animated,upset,selection,K3_2
611a18ac60978ea2392dfa51,K3,,,2,animated,upset,selection,K3_4
611a18ac60978ea2392dfa51,K3,,,2,animated,upset,selection,K3_6
611a18ac60978ea2392dfa51,K3,,,2,animated,upset,selection,K3_7
611a18ac60978ea2392dfa51,K3,,,2,animated,upset,selection,K3_9
611a18ac60978ea2392dfa51,K3,,,2,animated,upset,selection,K3_10
611a18ac60978ea2392dfa51,K3,,,2,animated,upset,selection,K3_12
611a18ac60978ea2392dfa51,K3,,,2,animated,upset,selection,K3_13
611a18ac60978ea2392dfa51,K3,,,2,animated,upset,selection,K3_16
611a18ac60978ea2392dfa51,K3,,,2,animated,upset,selection,K3_18
611a18ac60978ea2392dfa51,K3,,,2,animated,upset,accuracy,0
611a18ac60978ea2392dfa51,K3,,,2,animated,upset,time,0.7736
611a18ac60978ea2392dfa51,K4,,,2,animated,upset,accuracy,1
611a18ac60978ea2392dfa51,K4,,,2,animated,upset,time,0.3484166666666667
611a18ac60978ea2392dfa51,K5,,,2,animated,upset,selection,K5_1
611a18ac60978ea2392dfa51,K5,,,2,animated,upset,selection,K5_2
611a18ac60978ea2392dfa51,K5,,,2,animated,upset,selection,K5_3
611a18ac60978ea2392dfa51,K5,,,2,animated,upset,selection,K5_4
611a18ac60978ea2392dfa51,K5,,,2,animated,upset,accuracy,1
611a18ac60978ea2392dfa51,K5,,,2,animated,upset,time,0.7761
61086e19f6c5f01aa7bf55ae,K1,,,2,animated,upset,selection,K1_3
61086e19f6c5f01aa7bf55ae,K1,,,2,animated,upset,accuracy,1
61086e19f6c5f01aa7bf55ae,K1,,,2,animated,upset,time,0.2816666666666666
61086e19f6c5f01aa7bf55ae,K2,,,2,animated,upset,selection,K2_1
61086e19f6c5f01aa7bf55ae,K2,,,2,animated,upset,selection,K2_2
61086e19f6c5f01aa7bf55ae,K2,,,2,animated,upset,selection,K2_6
61086e19f6c5f01aa7bf55ae,K2,,,2,animated,upset,selection,K2_7
61086e19f6c5f01aa7bf55ae,K2,,,2,animated,upset,selection,K2_8
61086e19f6c5f01aa7bf55ae,K2,,,2,animated,upset,selection,K2_11
61086e19f6c5f01aa7bf55ae,K2,,,2,animated,upset,selection,K2_13
61086e19f6c5f01aa7bf55ae,K2,,,2,animated,upset,accuracy,1
61086e19f6c5f01aa7bf55ae,K2,,,2,animated,upset,time,0.67315
61086e19f6c5f01aa7bf55ae,K3,,,2,animated,upset,selection,K3_2
61086e19f6c5f01aa7bf55ae,K3,,,2,animated,upset,selection,K3_4
61086e19f6c5f01aa7bf55ae,K3,,,2,animated,upset,selection,K3_6
61086e19f6c5f01aa7bf55ae,K3,,,2,animated,upset,selection,K3_7
61086e19f6c5f01aa7bf55ae,K3,,,2,animated,upset,selection,K3_9
61086e19f6c5f01aa7bf55ae,K3,,,2,animated,upset,selection,K3_10
61086e19f6c5f01aa7bf55ae,K3,,,2,animated,upset,selection,K3_12
61086e19f6c5f01aa7bf55ae,K3,,,2,animated,upset,selection,K3_13
61086e19f6c5f01aa7bf55ae,K3,,,2,animated,upset,accuracy,0
61086e19f6c5f01aa7bf55ae,K3,,,2,animated,upset,time,1.1359666666666668
61086e19f6c5f01aa7bf55ae,K4,,,2,animated,upset,accuracy,1
61086e19f6c5f01aa7bf55ae,K4,,,2,animated,upset,time,0.24291666666666664
61086e19f6c5f01aa7bf55ae,K5,,,2,animated,upset,selection,K5_1
61086e19f6c5f01aa7bf55ae,K5,,,2,animated,upset,selection,K5_2
61086e19f6c5f01aa7bf55ae,K5,,,2,animated,upset,selection,K5_3
61086e19f6c5f01aa7bf55ae,K5,,,2,animated,upset,selection,K5_4
61086e19f6c5f01aa7bf55ae,K5,,,2,animated,upset,accuracy,1
61086e19f6c5f01aa7bf55ae,K5,,,2,animated,upset,time,0.3650333333333334
611ef5ee1cd15b1722b2d592,K1,,,1,animated,upset,selection,K1_3
611ef5ee1cd15b1722b2d592,K1,,,1,animated,upset,accuracy,1
611ef5ee1cd15b1722b2d592,K1,,,1,animated,upset,time,0.7068
611ef5ee1cd15b1722b2d592,K2,,,1,animated,upset,selection,K2_1
611ef5ee1cd15b1722b2d592,K2,,,1,animated,upset,selection,K2_2
611ef5ee1cd15b1722b2d592,K2,,,1,animated,upset,selection,K2_6
611ef5ee1cd15b1722b2d592,K2,,,1,animated,upset,selection,K2_7
611ef5ee1cd15b1722b2d592,K2,,,1,animated,upset,selection,K2_8
611ef5ee1cd15b1722b2d592,K2,,,1,animated,upset,selection,K2_11
611ef5ee1cd15b1722b2d592,K2,,,1,animated,upset,selection,K2_13
611ef5ee1cd15b1722b2d592,K2,,,1,animated,upset,accuracy,1
611ef5ee1cd15b1722b2d592,K2,,,1,animated,upset,time,0.3505333333333333
611ef5ee1cd15b1722b2d592,K3,,,1,animated,upset,selection,K3_2
611ef5ee1cd15b1722b2d592,K3,,,1,animated,upset,selection,K3_4
611ef5ee1cd15b1722b2d592,K3,,,1,animated,upset,selection,K3_6
611ef5ee1cd15b1722b2d592,K3,,,1,animated,upset,selection,K3_10
611ef5ee1cd15b1722b2d592,K3,,,1,animated,upset,selection,K3_12
611ef5ee1cd15b1722b2d592,K3,,,1,animated,upset,accuracy,0
611ef5ee1cd15b1722b2d592,K3,,,1,animated,upset,time,0.7040666666666666
611ef5ee1cd15b1722b2d592,K4,,,1,animated,upset,accuracy,1
611ef5ee1cd15b1722b2d592,K4,,,1,animated,upset,time,0.3092
611ef5ee1cd15b1722b2d592,K5,,,1,animated,upset,selection,K5_1
611ef5ee1cd15b1722b2d592,K5,,,1,animated,upset,selection,K5_2
611ef5ee1cd15b1722b2d592,K5,,,1,animated,upset,selection,K5_3
611ef5ee1cd15b1722b2d592,K5,,,1,animated,upset,selection,K5_4
611ef5ee1cd15b1722b2d592,K5,,,1,animated,upset,accuracy,1
611ef5ee1cd15b1722b2d592,K5,,,1,animated,upset,time,0.788
61213e741b9f968b5a292acb,K1,,,5,animated,upset,selection,K1_3
61213e741b9f968b5a292acb,K1,,,5,animated,upset,accuracy,1
61213e741b9f968b5a292acb,K1,,,5,animated,upset,time,0.8295333333333333
61213e741b9f968b5a292acb,K2,,,5,animated,upset,selection,K2_1
61213e741b9f968b5a292acb,K2,,,5,animated,upset,accuracy,0
61213e741b9f968b5a292acb,K2,,,5,animated,upset,time,0.08093333333333333
61213e741b9f968b5a292acb,K3,,,5,animated,upset,selection,K3_9
61213e741b9f968b5a292acb,K3,,,5,animated,upset,accuracy,0
61213e741b9f968b5a292acb,K3,,,5,animated,upset,time,0.24533333333333335
61213e741b9f968b5a292acb,K4,,,5,animated,upset,accuracy,1
61213e741b9f968b5a292acb,K4,,,5,animated,upset,time,0.31975
61213e741b9f968b5a292acb,K5,,,5,animated,upset,selection,K5_5
61213e741b9f968b5a292acb,K5,,,5,animated,upset,accuracy,0
61213e741b9f968b5a292acb,K5,,,5,animated,upset,time,0.4149
612138f73f3e6e41e357f7b4,K1,,,2,animated,upset,selection,K1_3
612138f73f3e6e41e357f7b4,K1,,,2,animated,upset,accuracy,1
612138f73f3e6e41e357f7b4,K1,,,2,animated,upset,time,0.12014999999999999
612138f73f3e6e41e357f7b4,K2,,,2,animated,upset,selection,K2_1
612138f73f3e6e41e357f7b4,K2,,,2,animated,upset,selection,K2_2
612138f73f3e6e41e357f7b4,K2,,,2,animated,upset,selection,K2_6
612138f73f3e6e41e357f7b4,K2,,,2,animated,upset,selection,K2_7
612138f73f3e6e41e357f7b4,K2,,,2,animated,upset,selection,K2_8
612138f73f3e6e41e357f7b4,K2,,,2,animated,upset,selection,K2_11
612138f73f3e6e41e357f7b4,K2,,,2,animated,upset,selection,K2_13
612138f73f3e6e41e357f7b4,K2,,,2,animated,upset,accuracy,1
612138f73f3e6e41e357f7b4,K2,,,2,animated,upset,time,0.24933333333333335
612138f73f3e6e41e357f7b4,K3,,,2,animated,upset,selection,K3_2
612138f73f3e6e41e357f7b4,K3,,,2,animated,upset,selection,K3_4
612138f73f3e6e41e357f7b4,K3,,,2,animated,upset,selection,K3_6
612138f73f3e6e41e357f7b4,K3,,,2,animated,upset,selection,K3_7
612138f73f3e6e41e357f7b4,K3,,,2,animated,upset,selection,K3_9
612138f73f3e6e41e357f7b4,K3,,,2,animated,upset,selection,K3_10
612138f73f3e6e41e357f7b4,K3,,,2,animated,upset,selection,K3_12
612138f73f3e6e41e357f7b4,K3,,,2,animated,upset,selection,K3_13
612138f73f3e6e41e357f7b4,K3,,,2,animated,upset,accuracy,0
612138f73f3e6e41e357f7b4,K3,,,2,animated,upset,time,0.26903333333333335
612138f73f3e6e41e357f7b4,K4,,,2,animated,upset,accuracy,1
612138f73f3e6e41e357f7b4,K4,,,2,animated,upset,time,0.2589
612138f73f3e6e41e357f7b4,K5,,,2,animated,upset,selection,K5_1
612138f73f3e6e41e357f7b4,K5,,,2,animated,upset,selection,K5_2
612138f73f3e6e41e357f7b4,K5,,,2,animated,upset,selection,K5_3
612138f73f3e6e41e357f7b4,K5,,,2,animated,upset,selection,K5_4
612138f73f3e6e41e357f7b4,K5,,,2,animated,upset,accuracy,1
612138f73f3e6e41e357f7b4,K5,,,2,animated,upset,time,0.33013333333333333
611d8539bbd8bea5500aa7b9,K1,,,5,animated,upset,selection,K1_14
611d8539bbd8bea5500aa7b9,K1,,,5,animated,upset,accuracy,0
611d8539bbd8bea5500aa7b9,K1,,,5,animated,upset,time,0.3419166666666667
611d8539bbd8bea5500aa7b9,K2,,,5,animated,upset,selection,K2_1
611d8539bbd8bea5500aa7b9,K2,,,5,animated,upset,accuracy,0
611d8539bbd8bea5500aa7b9,K2,,,5,animated,upset,time,0.26316666666666666
611d8539bbd8bea5500aa7b9,K3,,,5,animated,upset,selection,K3_2
611d8539bbd8bea5500aa7b9,K3,,,5,animated,upset,selection,K3_4
611d8539bbd8bea5500aa7b9,K3,,,5,animated,upset,selection,K3_6
611d8539bbd8bea5500aa7b9,K3,,,5,animated,upset,selection,K3_7
611d8539bbd8bea5500aa7b9,K3,,,5,animated,upset,selection,K3_9
611d8539bbd8bea5500aa7b9,K3,,,5,animated,upset,selection,K3_10
611d8539bbd8bea5500aa7b9,K3,,,5,animated,upset,selection,K3_12
611d8539bbd8bea5500aa7b9,K3,,,5,animated,upset,selection,K3_13
611d8539bbd8bea5500aa7b9,K3,,,5,animated,upset,selection,K3_16
611d8539bbd8bea5500aa7b9,K3,,,5,animated,upset,selection,K3_18
611d8539bbd8bea5500aa7b9,K3,,,5,animated,upset,accuracy,0
611d8539bbd8bea5500aa7b9,K3,,,5,animated,upset,time,0.7170666666666666
611d8539bbd8bea5500aa7b9,K4,,,5,animated,upset,accuracy,1
611d8539bbd8bea5500aa7b9,K4,,,5,animated,upset,time,0.46785000000000004
611d8539bbd8bea5500aa7b9,K5,,,5,animated,upset,selection,K5_1
611d8539bbd8bea5500aa7b9,K5,,,5,animated,upset,selection,K5_2
611d8539bbd8bea5500aa7b9,K5,,,5,animated,upset,selection,K5_3
611d8539bbd8bea5500aa7b9,K5,,,5,animated,upset,selection,K5_4
611d8539bbd8bea5500aa7b9,K5,,,5,animated,upset,accuracy,1
611d8539bbd8bea5500aa7b9,K5,,,5,animated,upset,time,0.33498333333333336
61088f2454ba31c4f2e800cc,K1,,,2,animated,upset,selection,K1_3
61088f2454ba31c4f2e800cc,K1,,,2,animated,upset,accuracy,1
61088f2454ba31c4f2e800cc,K1,,,2,animated,upset,time,0.32556666666666667
61088f2454ba31c4f2e800cc,K2,,,2,animated,upset,selection,K2_14
61088f2454ba31c4f2e800cc,K2,,,2,animated,upset,selection,K2_15
61088f2454ba31c4f2e800cc,K2,,,2,animated,upset,accuracy,0
61088f2454ba31c4f2e800cc,K2,,,2,animated,upset,time,0.28833333333333333
61088f2454ba31c4f2e800cc,K3,,,2,animated,upset,selection,K3_2
61088f2454ba31c4f2e800cc,K3,,,2,animated,upset,selection,K3_4
61088f2454ba31c4f2e800cc,K3,,,2,animated,upset,selection,K3_6
61088f2454ba31c4f2e800cc,K3,,,2,animated,upset,selection,K3_7
61088f2454ba31c4f2e800cc,K3,,,2,animated,upset,selection,K3_9
61088f2454ba31c4f2e800cc,K3,,,2,animated,upset,selection,K3_10
61088f2454ba31c4f2e800cc,K3,,,2,animated,upset,selection,K3_12
61088f2454ba31c4f2e800cc,K3,,,2,animated,upset,selection,K3_13
61088f2454ba31c4f2e800cc,K3,,,2,animated,upset,selection,K3_16
61088f2454ba31c4f2e800cc,K3,,,2,animated,upset,selection,K3_18
61088f2454ba31c4f2e800cc,K3,,,2,animated,upset,accuracy,0
61088f2454ba31c4f2e800cc,K3,,,2,animated,upset,time,0.8002166666666667
61088f2454ba31c4f2e800cc,K4,,,2,animated,upset,accuracy,1
61088f2454ba31c4f2e800cc,K4,,,2,animated,upset,time,1.2334666666666665
61088f2454ba31c4f2e800cc,K5,,,2,animated,upset,selection,K5_1
61088f2454ba31c4f2e800cc,K5,,,2,animated,upset,selection,K5_2
61088f2454ba31c4f2e800cc,K5,,,2,animated,upset,selection,K5_3
61088f2454ba31c4f2e800cc,K5,,,2,animated,upset,selection,K5_4
61088f2454ba31c4f2e800cc,K5,,,2,animated,upset,accuracy,1
61088f2454ba31c4f2e800cc,K5,,,2,animated,upset,time,0.40196666666666664
611c32526e4eee8e700c8911,K1,,,2,animated,upset,selection,K1_14
611c32526e4eee8e700c8911,K1,,,2,animated,upset,accuracy,0
611c32526e4eee8e700c8911,K1,,,2,animated,upset,time,0.5246833333333334
611c32526e4eee8e700c8911,K2,,,2,animated,upset,selection,K2_2
611c32526e4eee8e700c8911,K2,,,2,animated,upset,selection,K2_6
611c32526e4eee8e700c8911,K2,,,2,animated,upset,selection,K2_7
611c32526e4eee8e700c8911,K2,,,2,animated,upset,selection,K2_8
611c32526e4eee8e700c8911,K2,,,2,animated,upset,selection,K2_11
611c32526e4eee8e700c8911,K2,,,2,animated,upset,selection,K2_13
611c32526e4eee8e700c8911,K2,,,2,animated,upset,accuracy,0
611c32526e4eee8e700c8911,K2,,,2,animated,upset,time,1.4238166666666667
611c32526e4eee8e700c8911,K3,,,2,animated,upset,selection,K3_2
611c32526e4eee8e700c8911,K3,,,2,animated,upset,selection,K3_4
611c32526e4eee8e700c8911,K3,,,2,animated,upset,selection,K3_6
611c32526e4eee8e700c8911,K3,,,2,animated,upset,selection,K3_7
611c32526e4eee8e700c8911,K3,,,2,animated,upset,selection,K3_9
611c32526e4eee8e700c8911,K3,,,2,animated,upset,selection,K3_10
611c32526e4eee8e700c8911,K3,,,2,animated,upset,selection,K3_12
611c32526e4eee8e700c8911,K3,,,2,animated,upset,selection,K3_13
611c32526e4eee8e700c8911,K3,,,2,animated,upset,accuracy,0
611c32526e4eee8e700c8911,K3,,,2,animated,upset,time,1.1557833333333332
611c32526e4eee8e700c8911,K4,,,2,animated,upset,accuracy,1
611c32526e4eee8e700c8911,K4,,,2,animated,upset,time,0.41466666666666663
611c32526e4eee8e700c8911,K5,,,2,animated,upset,selection,K5_5
611c32526e4eee8e700c8911,K5,,,2,animated,upset,accuracy,0
611c32526e4eee8e700c8911,K5,,,2,animated,upset,time,1.3033
60fd9fab89c1940b24950211,K1,,,5,animated,upset,selection,K1_3
60fd9fab89c1940b24950211,K1,,,5,animated,upset,accuracy,1
60fd9fab89c1940b24950211,K1,,,5,animated,upset,time,0.2318666666666667
60fd9fab89c1940b24950211,K2,,,5,animated,upset,selection,K2_1
60fd9fab89c1940b24950211,K2,,,5,animated,upset,selection,K2_2
60fd9fab89c1940b24950211,K2,,,5,animated,upset,selection,K2_6
60fd9fab89c1940b24950211,K2,,,5,animated,upset,selection,K2_7
60fd9fab89c1940b24950211,K2,,,5,animated,upset,selection,K2_8
60fd9fab89c1940b24950211,K2,,,5,animated,upset,selection,K2_11
60fd9fab89c1940b24950211,K2,,,5,animated,upset,selection,K2_13
60fd9fab89c1940b24950211,K2,,,5,animated,upset,accuracy,1
60fd9fab89c1940b24950211,K2,,,5,animated,upset,time,0.47678333333333334
60fd9fab89c1940b24950211,K3,,,5,animated,upset,selection,K3_2
60fd9fab89c1940b24950211,K3,,,5,animated,upset,selection,K3_4
60fd9fab89c1940b24950211,K3,,,5,animated,upset,selection,K3_6
60fd9fab89c1940b24950211,K3,,,5,animated,upset,selection,K3_7
60fd9fab89c1940b24950211,K3,,,5,animated,upset,selection,K3_9
60fd9fab89c1940b24950211,K3,,,5,animated,upset,selection,K3_10
60fd9fab89c1940b24950211,K3,,,5,animated,upset,selection,K3_12
60fd9fab89c1940b24950211,K3,,,5,animated,upset,selection,K3_13
60fd9fab89c1940b24950211,K3,,,5,animated,upset,accuracy,0
60fd9fab89c1940b24950211,K3,,,5,animated,upset,time,1.5592000000000001
60fd9fab89c1940b24950211,K4,,,5,animated,upset,accuracy,1
60fd9fab89c1940b24950211,K4,,,5,animated,upset,time,0.9199166666666667
60fd9fab89c1940b24950211,K5,,,5,animated,upset,selection,K5_1
60fd9fab89c1940b24950211,K5,,,5,animated,upset,selection,K5_2
60fd9fab89c1940b24950211,K5,,,5,animated,upset,selection,K5_3
60fd9fab89c1940b24950211,K5,,,5,animated,upset,selection,K5_4
60fd9fab89c1940b24950211,K5,,,5,animated,upset,accuracy,1
60fd9fab89c1940b24950211,K5,,,5,animated,upset,time,0.41505
6121488e1902252a9f1b1aaa,K1,,,3,animated,upset,selection,K1_14
6121488e1902252a9f1b1aaa,K1,,,3,animated,upset,accuracy,0
6121488e1902252a9f1b1aaa,K1,,,3,animated,upset,time,0.7784666666666666
6121488e1902252a9f1b1aaa,K2,,,3,animated,upset,selection,K2_1
6121488e1902252a9f1b1aaa,K2,,,3,animated,upset,selection,K2_2
6121488e1902252a9f1b1aaa,K2,,,3,animated,upset,selection,K2_6
6121488e1902252a9f1b1aaa,K2,,,3,animated,upset,selection,K2_7
6121488e1902252a9f1b1aaa,K2,,,3,animated,upset,selection,K2_8
6121488e1902252a9f1b1aaa,K2,,,3,animated,upset,selection,K2_11
6121488e1902252a9f1b1aaa,K2,,,3,animated,upset,selection,K2_13
6121488e1902252a9f1b1aaa,K2,,,3,animated,upset,accuracy,1
6121488e1902252a9f1b1aaa,K2,,,3,animated,upset,time,0.55345
6121488e1902252a9f1b1aaa,K3,,,3,animated,upset,selection,K3_2
6121488e1902252a9f1b1aaa,K3,,,3,animated,upset,selection,K3_4
6121488e1902252a9f1b1aaa,K3,,,3,animated,upset,selection,K3_6
6121488e1902252a9f1b1aaa,K3,,,3,animated,upset,selection,K3_7
6121488e1902252a9f1b1aaa,K3,,,3,animated,upset,selection,K3_9
6121488e1902252a9f1b1aaa,K3,,,3,animated,upset,selection,K3_10
6121488e1902252a9f1b1aaa,K3,,,3,animated,upset,selection,K3_12
6121488e1902252a9f1b1aaa,K3,,,3,animated,upset,selection,K3_13
6121488e1902252a9f1b1aaa,K3,,,3,animated,upset,accuracy,0
6121488e1902252a9f1b1aaa,K3,,,3,animated,upset,time,0.5070333333333333
6121488e1902252a9f1b1aaa,K4,,,3,animated,upset,accuracy,1
6121488e1902252a9f1b1aaa,K4,,,3,animated,upset,time,0.7783666666666667
6121488e1902252a9f1b1aaa,K5,,,3,animated,upset,selection,K5_1
6121488e1902252a9f1b1aaa,K5,,,3,animated,upset,selection,K5_2
6121488e1902252a9f1b1aaa,K5,,,3,animated,upset,selection,K5_5
6121488e1902252a9f1b1aaa,K5,,,3,animated,upset,accuracy,0
6121488e1902252a9f1b1aaa,K5,,,3,animated,upset,time,1.3476
61212b5eb88909ca1cdf544d,K1,,,2,animated,upset,selection,K1_14
61212b5eb88909ca1cdf544d,K1,,,2,animated,upset,accuracy,0
61212b5eb88909ca1cdf544d,K1,,,2,animated,upset,time,0.6343
61212b5eb88909ca1cdf544d,K2,,,2,animated,upset,selection,K2_1
61212b5eb88909ca1cdf544d,K2,,,2,animated,upset,selection,K2_2
61212b5eb88909ca1cdf544d,K2,,,2,animated,upset,selection,K2_6
61212b5eb88909ca1cdf544d,K2,,,2,animated,upset,selection,K2_7
61212b5eb88909ca1cdf544d,K2,,,2,animated,upset,selection,K2_8
61212b5eb88909ca1cdf544d,K2,,,2,animated,upset,selection,K2_11
61212b5eb88909ca1cdf544d,K2,,,2,animated,upset,selection,K2_13
61212b5eb88909ca1cdf544d,K2,,,2,animated,upset,accuracy,1
61212b5eb88909ca1cdf544d,K2,,,2,animated,upset,time,0.9285833333333334
61212b5eb88909ca1cdf544d,K3,,,2,animated,upset,selection,K3_16
61212b5eb88909ca1cdf544d,K3,,,2,animated,upset,selection,K3_18
61212b5eb88909ca1cdf544d,K3,,,2,animated,upset,accuracy,1
61212b5eb88909ca1cdf544d,K3,,,2,animated,upset,time,0.48713333333333336
61212b5eb88909ca1cdf544d,K4,,,2,animated,upset,accuracy,1
61212b5eb88909ca1cdf544d,K4,,,2,animated,upset,time,0.9920666666666667
61212b5eb88909ca1cdf544d,K5,,,2,animated,upset,selection,K5_1
61212b5eb88909ca1cdf544d,K5,,,2,animated,upset,selection,K5_2
61212b5eb88909ca1cdf544d,K5,,,2,animated,upset,selection,K5_3
61212b5eb88909ca1cdf544d,K5,,,2,animated,upset,selection,K5_4
61212b5eb88909ca1cdf544d,K5,,,2,animated,upset,accuracy,1
61212b5eb88909ca1cdf544d,K5,,,2,animated,upset,time,1.7864166666666668
610651f96404e31386230ec1,K1,,,5,animated,upset,selection,K1_12
610651f96404e31386230ec1,K1,,,5,animated,upset,accuracy,0
610651f96404e31386230ec1,K1,,,5,animated,upset,time,0.62805
610651f96404e31386230ec1,K2,,,5,animated,upset,selection,K2_7
610651f96404e31386230ec1,K2,,,5,animated,upset,accuracy,0
610651f96404e31386230ec1,K2,,,5,animated,upset,time,2.4412833333333332
610651f96404e31386230ec1,K3,,,5,animated,upset,selection,K3_7
610651f96404e31386230ec1,K3,,,5,animated,upset,accuracy,0
610651f96404e31386230ec1,K3,,,5,animated,upset,time,0.26871666666666666
610651f96404e31386230ec1,K4,,,5,animated,upset,selection,K4_7
610651f96404e31386230ec1,K4,,,5,animated,upset,accuracy,0
610651f96404e31386230ec1,K4,,,5,animated,upset,time,0.20035
610651f96404e31386230ec1,K5,,,5,animated,upset,accuracy,0
610651f96404e31386230ec1,K5,,,5,animated,upset,time,0.18655
611a588ea5fb7fe980df2177,K1,,,5,static,upset,selection,K1_3
611a588ea5fb7fe980df2177,K1,,,5,static,upset,accuracy,1
611a588ea5fb7fe980df2177,K1,,,5,static,upset,time,0.5726166666666667
611a588ea5fb7fe980df2177,K2,,,5,static,upset,selection,K2_1
611a588ea5fb7fe980df2177,K2,,,5,static,upset,accuracy,0
611a588ea5fb7fe980df2177,K2,,,5,static,upset,time,0.16571666666666665
611a588ea5fb7fe980df2177,K3,,,5,static,upset,selection,K3_7
611a588ea5fb7fe980df2177,K3,,,5,static,upset,selection,K3_9
611a588ea5fb7fe980df2177,K3,,,5,static,upset,selection,K3_13
611a588ea5fb7fe980df2177,K3,,,5,static,upset,accuracy,0
611a588ea5fb7fe980df2177,K3,,,5,static,upset,time,0.43234999999999996
611a588ea5fb7fe980df2177,K4,,,5,static,upset,accuracy,1
611a588ea5fb7fe980df2177,K4,,,5,static,upset,time,0.7252166666666666
611a588ea5fb7fe980df2177,K5,,,5,static,upset,selection,K5_5
611a588ea5fb7fe980df2177,K5,,,5,static,upset,accuracy,0
611a588ea5fb7fe980df2177,K5,,,5,static,upset,time,0.1546
6121818f9f7912f7453b58de,K1,,,3,static,upset,selection,K1_5
6121818f9f7912f7453b58de,K1,,,3,static,upset,selection,K1_9
6121818f9f7912f7453b58de,K1,,,3,static,upset,accuracy,0
6121818f9f7912f7453b58de,K1,,,3,static,upset,time,0.46790000000000004
6121818f9f7912f7453b58de,K2,,,3,static,upset,selection,K2_1
6121818f9f7912f7453b58de,K2,,,3,static,upset,selection,K2_2
6121818f9f7912f7453b58de,K2,,,3,static,upset,selection,K2_14
6121818f9f7912f7453b58de,K2,,,3,static,upset,selection,K2_15
6121818f9f7912f7453b58de,K2,,,3,static,upset,accuracy,0
6121818f9f7912f7453b58de,K2,,,3,static,upset,time,0.27243333333333336
6121818f9f7912f7453b58de,K3,,,3,static,upset,selection,K3_15
6121818f9f7912f7453b58de,K3,,,3,static,upset,accuracy,0
6121818f9f7912f7453b58de,K3,,,3,static,upset,time,0.18725
6121818f9f7912f7453b58de,K4,,,3,static,upset,accuracy,1
6121818f9f7912f7453b58de,K4,,,3,static,upset,time,0.22865
6121818f9f7912f7453b58de,K5,,,3,static,upset,selection,K5_5
6121818f9f7912f7453b58de,K5,,,3,static,upset,accuracy,0
6121818f9f7912f7453b58de,K5,,,3,static,upset,time,0.23303333333333331
612124f6a5ecc2b76cb17871,K1,,,5,static,upset,selection,K1_3
612124f6a5ecc2b76cb17871,K1,,,5,static,upset,selection,K1_14
612124f6a5ecc2b76cb17871,K1,,,5,static,upset,accuracy,0
612124f6a5ecc2b76cb17871,K1,,,5,static,upset,time,0.7539666666666667
612124f6a5ecc2b76cb17871,K2,,,5,static,upset,selection,K2_1
612124f6a5ecc2b76cb17871,K2,,,5,static,upset,selection,K2_2
612124f6a5ecc2b76cb17871,K2,,,5,static,upset,selection,K2_6
612124f6a5ecc2b76cb17871,K2,,,5,static,upset,selection,K2_7
612124f6a5ecc2b76cb17871,K2,,,5,static,upset,selection,K2_8
612124f6a5ecc2b76cb17871,K2,,,5,static,upset,selection,K2_11
612124f6a5ecc2b76cb17871,K2,,,5,static,upset,selection,K2_13
612124f6a5ecc2b76cb17871,K2,,,5,static,upset,accuracy,1
612124f6a5ecc2b76cb17871,K2,,,5,static,upset,time,0.5178166666666667
612124f6a5ecc2b76cb17871,K3,,,5,static,upset,selection,K3_2
612124f6a5ecc2b76cb17871,K3,,,5,static,upset,selection,K3_4
612124f6a5ecc2b76cb17871,K3,,,5,static,upset,selection,K3_6
612124f6a5ecc2b76cb17871,K3,,,5,static,upset,selection,K3_7
612124f6a5ecc2b76cb17871,K3,,,5,static,upset,selection,K3_9
612124f6a5ecc2b76cb17871,K3,,,5,static,upset,selection,K3_10
612124f6a5ecc2b76cb17871,K3,,,5,static,upset,selection,K3_12
612124f6a5ecc2b76cb17871,K3,,,5,static,upset,selection,K3_13
612124f6a5ecc2b76cb17871,K3,,,5,static,upset,accuracy,0
612124f6a5ecc2b76cb17871,K3,,,5,static,upset,time,0.5009
612124f6a5ecc2b76cb17871,K4,,,5,static,upset,accuracy,1
612124f6a5ecc2b76cb17871,K4,,,5,static,upset,time,0.45398333333333335
612124f6a5ecc2b76cb17871,K5,,,5,static,upset,selection,K5_1
612124f6a5ecc2b76cb17871,K5,,,5,static,upset,selection,K5_2
612124f6a5ecc2b76cb17871,K5,,,5,static,upset,selection,K5_3
612124f6a5ecc2b76cb17871,K5,,,5,static,upset,selection,K5_4
612124f6a5ecc2b76cb17871,K5,,,5,static,upset,accuracy,1
612124f6a5ecc2b76cb17871,K5,,,5,static,upset,time,0.48135
6111e206715161d95061a150,K1,,,2,static,upset,selection,K1_3
6111e206715161d95061a150,K1,,,2,static,upset,accuracy,1
6111e206715161d95061a150,K1,,,2,static,upset,time,0.82815
6111e206715161d95061a150,K2,,,2,static,upset,selection,K2_1
6111e206715161d95061a150,K2,,,2,static,upset,selection,K2_2
6111e206715161d95061a150,K2,,,2,static,upset,selection,K2_6
6111e206715161d95061a150,K2,,,2,static,upset,selection,K2_7
6111e206715161d95061a150,K2,,,2,static,upset,selection,K2_8
6111e206715161d95061a150,K2,,,2,static,upset,selection,K2_11
6111e206715161d95061a150,K2,,,2,static,upset,selection,K2_13
6111e206715161d95061a150,K2,,,2,static,upset,accuracy,1
6111e206715161d95061a150,K2,,,2,static,upset,time,0.6488999999999999
6111e206715161d95061a150,K3,,,2,static,upset,selection,K3_2
6111e206715161d95061a150,K3,,,2,static,upset,selection,K3_4
6111e206715161d95061a150,K3,,,2,static,upset,selection,K3_6
6111e206715161d95061a150,K3,,,2,static,upset,selection,K3_7
6111e206715161d95061a150,K3,,,2,static,upset,selection,K3_9
6111e206715161d95061a150,K3,,,2,static,upset,selection,K3_10
6111e206715161d95061a150,K3,,,2,static,upset,selection,K3_12
6111e206715161d95061a150,K3,,,2,static,upset,selection,K3_13
6111e206715161d95061a150,K3,,,2,static,upset,accuracy,0
6111e206715161d95061a150,K3,,,2,static,upset,time,0.5503833333333333
6111e206715161d95061a150,K4,,,2,static,upset,accuracy,1
6111e206715161d95061a150,K4,,,2,static,upset,time,0.8182666666666666
6111e206715161d95061a150,K5,,,2,static,upset,selection,K5_4
6111e206715161d95061a150,K5,,,2,static,upset,selection,K5_5
6111e206715161d95061a150,K5,,,2,static,upset,selection,K5_6
6111e206715161d95061a150,K5,,,2,static,upset,accuracy,0
6111e206715161d95061a150,K5,,,2,static,upset,time,1.6114333333333335
612178f856e1efa040bdaa53,K1,,,5,static,upset,selection,K1_14
612178f856e1efa040bdaa53,K1,,,5,static,upset,accuracy,0
612178f856e1efa040bdaa53,K1,,,5,static,upset,time,0.22785
612178f856e1efa040bdaa53,K2,,,5,static,upset,selection,K2_1
612178f856e1efa040bdaa53,K2,,,5,static,upset,accuracy,0
612178f856e1efa040bdaa53,K2,,,5,static,upset,time,0.10955000000000001
612178f856e1efa040bdaa53,K3,,,5,static,upset,selection,K3_2
612178f856e1efa040bdaa53,K3,,,5,static,upset,selection,K3_4
612178f856e1efa040bdaa53,K3,,,5,static,upset,selection,K3_6
612178f856e1efa040bdaa53,K3,,,5,static,upset,selection,K3_7
612178f856e1efa040bdaa53,K3,,,5,static,upset,selection,K3_9
612178f856e1efa040bdaa53,K3,,,5,static,upset,selection,K3_10
612178f856e1efa040bdaa53,K3,,,5,static,upset,selection,K3_12
612178f856e1efa040bdaa53,K3,,,5,static,upset,selection,K3_13
612178f856e1efa040bdaa53,K3,,,5,static,upset,selection,K3_16
612178f856e1efa040bdaa53,K3,,,5,static,upset,selection,K3_18
612178f856e1efa040bdaa53,K3,,,5,static,upset,accuracy,0
612178f856e1efa040bdaa53,K3,,,5,static,upset,time,0.7422166666666666
612178f856e1efa040bdaa53,K4,,,5,static,upset,accuracy,1
612178f856e1efa040bdaa53,K4,,,5,static,upset,time,0.46290000000000003
612178f856e1efa040bdaa53,K5,,,5,static,upset,selection,K5_1
612178f856e1efa040bdaa53,K5,,,5,static,upset,selection,K5_2
612178f856e1efa040bdaa53,K5,,,5,static,upset,selection,K5_3
612178f856e1efa040bdaa53,K5,,,5,static,upset,selection,K5_4
612178f856e1efa040bdaa53,K5,,,5,static,upset,accuracy,1
612178f856e1efa040bdaa53,K5,,,5,static,upset,time,0.8992166666666667
6121874bf9343fff5be07860,K1,,,3,static,upset,selection,K1_3
6121874bf9343fff5be07860,K1,,,3,static,upset,accuracy,1
6121874bf9343fff5be07860,K1,,,3,static,upset,time,0.37381666666666663
6121874bf9343fff5be07860,K2,,,3,static,upset,selection,K2_1
6121874bf9343fff5be07860,K2,,,3,static,upset,selection,K2_2
6121874bf9343fff5be07860,K2,,,3,static,upset,selection,K2_6
6121874bf9343fff5be07860,K2,,,3,static,upset,selection,K2_7
6121874bf9343fff5be07860,K2,,,3,static,upset,selection,K2_8
6121874bf9343fff5be07860,K2,,,3,static,upset,selection,K2_11
6121874bf9343fff5be07860,K2,,,3,static,upset,selection,K2_13
6121874bf9343fff5be07860,K2,,,3,static,upset,accuracy,1
6121874bf9343fff5be07860,K2,,,3,static,upset,time,0.39015
6121874bf9343fff5be07860,K3,,,3,static,upset,selection,K3_2
6121874bf9343fff5be07860,K3,,,3,static,upset,selection,K3_4
6121874bf9343fff5be07860,K3,,,3,static,upset,selection,K3_6
6121874bf9343fff5be07860,K3,,,3,static,upset,selection,K3_7
6121874bf9343fff5be07860,K3,,,3,static,upset,selection,K3_9
6121874bf9343fff5be07860,K3,,,3,static,upset,selection,K3_10
6121874bf9343fff5be07860,K3,,,3,static,upset,selection,K3_12
6121874bf9343fff5be07860,K3,,,3,static,upset,selection,K3_13
6121874bf9343fff5be07860,K3,,,3,static,upset,accuracy,0
6121874bf9343fff5be07860,K3,,,3,static,upset,time,0.33986666666666665
6121874bf9343fff5be07860,K4,,,3,static,upset,accuracy,1
6121874bf9343fff5be07860,K4,,,3,static,upset,time,0.7200000000000001
6121874bf9343fff5be07860,K5,,,3,static,upset,selection,K5_1
6121874bf9343fff5be07860,K5,,,3,static,upset,selection,K5_2
6121874bf9343fff5be07860,K5,,,3,static,upset,selection,K5_5
6121874bf9343fff5be07860,K5,,,3,static,upset,accuracy,0
6121874bf9343fff5be07860,K5,,,3,static,upset,time,0.8804833333333334
6121726d1ea9f464571aa9bb,K1,,,9,static,upset,selection,K1_14
6121726d1ea9f464571aa9bb,K1,,,9,static,upset,accuracy,0
6121726d1ea9f464571aa9bb,K1,,,9,static,upset,time,0.5027166666666667
6121726d1ea9f464571aa9bb,K2,,,9,static,upset,selection,K2_1
6121726d1ea9f464571aa9bb,K2,,,9,static,upset,accuracy,0
6121726d1ea9f464571aa9bb,K2,,,9,static,upset,time,0.13479999999999998
6121726d1ea9f464571aa9bb,K3,,,9,static,upset,selection,K3_16
6121726d1ea9f464571aa9bb,K3,,,9,static,upset,selection,K3_18
6121726d1ea9f464571aa9bb,K3,,,9,static,upset,accuracy,1
6121726d1ea9f464571aa9bb,K3,,,9,static,upset,time,0.255
6121726d1ea9f464571aa9bb,K4,,,9,static,upset,accuracy,1
6121726d1ea9f464571aa9bb,K4,,,9,static,upset,time,0.5060333333333333
6121726d1ea9f464571aa9bb,K5,,,9,static,upset,selection,K5_1
6121726d1ea9f464571aa9bb,K5,,,9,static,upset,selection,K5_2
6121726d1ea9f464571aa9bb,K5,,,9,static,upset,selection,K5_3
6121726d1ea9f464571aa9bb,K5,,,9,static,upset,selection,K5_4
6121726d1ea9f464571aa9bb,K5,,,9,static,upset,accuracy,1
6121726d1ea9f464571aa9bb,K5,,,9,static,upset,time,0.29075
61215260c5a2afbe658fc933,K1,,,3,static,upset,selection,K1_14
61215260c5a2afbe658fc933,K1,,,3,static,upset,accuracy,0
61215260c5a2afbe658fc933,K1,,,3,static,upset,time,1.2268166666666667
61215260c5a2afbe658fc933,K2,,,3,static,upset,selection,K2_1
61215260c5a2afbe658fc933,K2,,,3,static,upset,accuracy,0
61215260c5a2afbe658fc933,K2,,,3,static,upset,time,0.29486666666666667
61215260c5a2afbe658fc933,K3,,,3,static,upset,selection,K3_9
61215260c5a2afbe658fc933,K3,,,3,static,upset,accuracy,0
61215260c5a2afbe658fc933,K3,,,3,static,upset,time,0.11286666666666667
61215260c5a2afbe658fc933,K4,,,3,static,upset,accuracy,1
61215260c5a2afbe658fc933,K4,,,3,static,upset,time,0.27996666666666664
61215260c5a2afbe658fc933,K5,,,3,static,upset,selection,K5_5
61215260c5a2afbe658fc933,K5,,,3,static,upset,accuracy,0
61215260c5a2afbe658fc933,K5,,,3,static,upset,time,0.3209
6118492bbe5da88921003c9f,K1,,,5,static,upset,selection,K1_3
6118492bbe5da88921003c9f,K1,,,5,static,upset,selection,K1_5
6118492bbe5da88921003c9f,K1,,,5,static,upset,accuracy,0
6118492bbe5da88921003c9f,K1,,,5,static,upset,time,0.47391666666666665
6118492bbe5da88921003c9f,K2,,,5,static,upset,selection,K2_1
6118492bbe5da88921003c9f,K2,,,5,static,upset,selection,K2_2
6118492bbe5da88921003c9f,K2,,,5,static,upset,selection,K2_6
6118492bbe5da88921003c9f,K2,,,5,static,upset,selection,K2_7
6118492bbe5da88921003c9f,K2,,,5,static,upset,selection,K2_8
6118492bbe5da88921003c9f,K2,,,5,static,upset,selection,K2_11
6118492bbe5da88921003c9f,K2,,,5,static,upset,selection,K2_13
6118492bbe5da88921003c9f,K2,,,5,static,upset,accuracy,1
6118492bbe5da88921003c9f,K2,,,5,static,upset,time,0.4147
6118492bbe5da88921003c9f,K3,,,5,static,upset,selection,K3_2
6118492bbe5da88921003c9f,K3,,,5,static,upset,selection,K3_4
6118492bbe5da88921003c9f,K3,,,5,static,upset,selection,K3_6
6118492bbe5da88921003c9f,K3,,,5,static,upset,selection,K3_7
6118492bbe5da88921003c9f,K3,,,5,static,upset,selection,K3_9
6118492bbe5da88921003c9f,K3,,,5,static,upset,selection,K3_10
6118492bbe5da88921003c9f,K3,,,5,static,upset,selection,K3_12
6118492bbe5da88921003c9f,K3,,,5,static,upset,selection,K3_13
6118492bbe5da88921003c9f,K3,,,5,static,upset,accuracy,0
6118492bbe5da88921003c9f,K3,,,5,static,upset,time,0.34796666666666665
6118492bbe5da88921003c9f,K4,,,5,static,upset,accuracy,1
6118492bbe5da88921003c9f,K4,,,5,static,upset,time,0.27158333333333334
6118492bbe5da88921003c9f,K5,,,5,static,upset,selection,K5_4
6118492bbe5da88921003c9f,K5,,,5,static,upset,selection,K5_5
6118492bbe5da88921003c9f,K5,,,5,static,upset,selection,K5_6
6118492bbe5da88921003c9f,K5,,,5,static,upset,accuracy,0
6118492bbe5da88921003c9f,K5,,,5,static,upset,time,1.0382500000000001
612049bdf6deab90c0f39826,K1,,,3,static,upset,selection,K1_14
612049bdf6deab90c0f39826,K1,,,3,static,upset,accuracy,0
612049bdf6deab90c0f39826,K1,,,3,static,upset,time,0.7755166666666666
612049bdf6deab90c0f39826,K2,,,3,static,upset,selection,K2_1
612049bdf6deab90c0f39826,K2,,,3,static,upset,accuracy,0
612049bdf6deab90c0f39826,K2,,,3,static,upset,time,0.2195
612049bdf6deab90c0f39826,K3,,,3,static,upset,selection,K3_16
612049bdf6deab90c0f39826,K3,,,3,static,upset,selection,K3_18
612049bdf6deab90c0f39826,K3,,,3,static,upset,accuracy,1
612049bdf6deab90c0f39826,K3,,,3,static,upset,time,0.3466333333333333
612049bdf6deab90c0f39826,K4,,,3,static,upset,accuracy,1
612049bdf6deab90c0f39826,K4,,,3,static,upset,time,0.8029166666666666
612049bdf6deab90c0f39826,K5,,,3,static,upset,accuracy,0
612049bdf6deab90c0f39826,K5,,,3,static,upset,time,0.4339166666666667
61215b4af65667e46ada30e9,K1,,,2,static,upset,selection,K1_14
61215b4af65667e46ada30e9,K1,,,2,static,upset,accuracy,0
61215b4af65667e46ada30e9,K1,,,2,static,upset,time,0.60945
61215b4af65667e46ada30e9,K2,,,2,static,upset,selection,K2_1
61215b4af65667e46ada30e9,K2,,,2,static,upset,accuracy,0
61215b4af65667e46ada30e9,K2,,,2,static,upset,time,0.22468333333333332
61215b4af65667e46ada30e9,K3,,,2,static,upset,selection,K3_9
61215b4af65667e46ada30e9,K3,,,2,static,upset,accuracy,0
61215b4af65667e46ada30e9,K3,,,2,static,upset,time,0.19348333333333334
61215b4af65667e46ada30e9,K4,,,2,static,upset,accuracy,1
61215b4af65667e46ada30e9,K4,,,2,static,upset,time,0.5693166666666667
61215b4af65667e46ada30e9,K5,,,2,static,upset,selection,K5_1
61215b4af65667e46ada30e9,K5,,,2,static,upset,selection,K5_2
61215b4af65667e46ada30e9,K5,,,2,static,upset,selection,K5_3
61215b4af65667e46ada30e9,K5,,,2,static,upset,selection,K5_4
61215b4af65667e46ada30e9,K5,,,2,static,upset,accuracy,1
61215b4af65667e46ada30e9,K5,,,2,static,upset,time,0.53785
6102094693ce2234060be4ef,K1,,,1,static,upset,selection,K1_3
6102094693ce2234060be4ef,K1,,,1,static,upset,selection,K1_14
6102094693ce2234060be4ef,K1,,,1,static,upset,accuracy,0
6102094693ce2234060be4ef,K1,,,1,static,upset,time,1.4587833333333333
6102094693ce2234060be4ef,K2,,,1,static,upset,selection,K2_1
6102094693ce2234060be4ef,K2,,,1,static,upset,selection,K2_2
6102094693ce2234060be4ef,K2,,,1,static,upset,selection,K2_6
6102094693ce2234060be4ef,K2,,,1,static,upset,selection,K2_7
6102094693ce2234060be4ef,K2,,,1,static,upset,selection,K2_8
6102094693ce2234060be4ef,K2,,,1,static,upset,selection,K2_11
6102094693ce2234060be4ef,K2,,,1,static,upset,selection,K2_13
6102094693ce2234060be4ef,K2,,,1,static,upset,accuracy,1
6102094693ce2234060be4ef,K2,,,1,static,upset,time,0.5392833333333333
6102094693ce2234060be4ef,K3,,,1,static,upset,selection,K3_2
6102094693ce2234060be4ef,K3,,,1,static,upset,selection,K3_4
6102094693ce2234060be4ef,K3,,,1,static,upset,selection,K3_6
6102094693ce2234060be4ef,K3,,,1,static,upset,selection,K3_7
6102094693ce2234060be4ef,K3,,,1,static,upset,selection,K3_9
6102094693ce2234060be4ef,K3,,,1,static,upset,selection,K3_10
6102094693ce2234060be4ef,K3,,,1,static,upset,selection,K3_12
6102094693ce2234060be4ef,K3,,,1,static,upset,selection,K3_13
6102094693ce2234060be4ef,K3,,,1,static,upset,selection,K3_16
6102094693ce2234060be4ef,K3,,,1,static,upset,selection,K3_18
6102094693ce2234060be4ef,K3,,,1,static,upset,accuracy,0
6102094693ce2234060be4ef,K3,,,1,static,upset,time,0.7662666666666667
6102094693ce2234060be4ef,K4,,,1,static,upset,accuracy,1
6102094693ce2234060be4ef,K4,,,1,static,upset,time,0.29688333333333333
6102094693ce2234060be4ef,K5,,,1,static,upset,selection,K5_4
6102094693ce2234060be4ef,K5,,,1,static,upset,selection,K5_5
6102094693ce2234060be4ef,K5,,,1,static,upset,selection,K5_6
6102094693ce2234060be4ef,K5,,,1,static,upset,accuracy,0
6102094693ce2234060be4ef,K5,,,1,static,upset,time,0.52185
6110d8f9dd07966c9f3ee1dd,K1,,,5,static,upset,selection,K1_3
6110d8f9dd07966c9f3ee1dd,K1,,,5,static,upset,accuracy,1
6110d8f9dd07966c9f3ee1dd,K1,,,5,static,upset,time,0.6374666666666666
6110d8f9dd07966c9f3ee1dd,K2,,,5,static,upset,selection,K2_1
6110d8f9dd07966c9f3ee1dd,K2,,,5,static,upset,accuracy,0
6110d8f9dd07966c9f3ee1dd,K2,,,5,static,upset,time,0.18181666666666668
6110d8f9dd07966c9f3ee1dd,K3,,,5,static,upset,selection,K3_2
6110d8f9dd07966c9f3ee1dd,K3,,,5,static,upset,selection,K3_4
6110d8f9dd07966c9f3ee1dd,K3,,,5,static,upset,selection,K3_6
6110d8f9dd07966c9f3ee1dd,K3,,,5,static,upset,selection,K3_7
6110d8f9dd07966c9f3ee1dd,K3,,,5,static,upset,selection,K3_9
6110d8f9dd07966c9f3ee1dd,K3,,,5,static,upset,selection,K3_10
6110d8f9dd07966c9f3ee1dd,K3,,,5,static,upset,selection,K3_12
6110d8f9dd07966c9f3ee1dd,K3,,,5,static,upset,selection,K3_13
6110d8f9dd07966c9f3ee1dd,K3,,,5,static,upset,accuracy,0
6110d8f9dd07966c9f3ee1dd,K3,,,5,static,upset,time,0.6703666666666667
6110d8f9dd07966c9f3ee1dd,K4,,,5,static,upset,accuracy,1
6110d8f9dd07966c9f3ee1dd,K4,,,5,static,upset,time,0.4530666666666667
6110d8f9dd07966c9f3ee1dd,K5,,,5,static,upset,selection,K5_1
6110d8f9dd07966c9f3ee1dd,K5,,,5,static,upset,selection,K5_2
6110d8f9dd07966c9f3ee1dd,K5,,,5,static,upset,selection,K5_3
6110d8f9dd07966c9f3ee1dd,K5,,,5,static,upset,selection,K5_4
6110d8f9dd07966c9f3ee1dd,K5,,,5,static,upset,accuracy,1
6110d8f9dd07966c9f3ee1dd,K5,,,5,static,upset,time,0.9342166666666666
61081f6a17101b93d98589a6,K1,,,5,static,upset,selection,K1_3
61081f6a17101b93d98589a6,K1,,,5,static,upset,accuracy,1
61081f6a17101b93d98589a6,K1,,,5,static,upset,time,0.9574166666666667
61081f6a17101b93d98589a6,K2,,,5,static,upset,selection,K2_1
61081f6a17101b93d98589a6,K2,,,5,static,upset,accuracy,0
61081f6a17101b93d98589a6,K2,,,5,static,upset,time,0.24691666666666665
61081f6a17101b93d98589a6,K3,,,5,static,upset,selection,K3_2
61081f6a17101b93d98589a6,K3,,,5,static,upset,selection,K3_4
61081f6a17101b93d98589a6,K3,,,5,static,upset,selection,K3_6
61081f6a17101b93d98589a6,K3,,,5,static,upset,selection,K3_7
61081f6a17101b93d98589a6,K3,,,5,static,upset,selection,K3_9
61081f6a17101b93d98589a6,K3,,,5,static,upset,selection,K3_10
61081f6a17101b93d98589a6,K3,,,5,static,upset,selection,K3_12
61081f6a17101b93d98589a6,K3,,,5,static,upset,selection,K3_13
61081f6a17101b93d98589a6,K3,,,5,static,upset,accuracy,0
61081f6a17101b93d98589a6,K3,,,5,static,upset,time,0.44815
61081f6a17101b93d98589a6,K4,,,5,static,upset,accuracy,1
61081f6a17101b93d98589a6,K4,,,5,static,upset,time,0.7059
61081f6a17101b93d98589a6,K5,,,5,static,upset,selection,K5_1
61081f6a17101b93d98589a6,K5,,,5,static,upset,selection,K5_2
61081f6a17101b93d98589a6,K5,,,5,static,upset,selection,K5_3
61081f6a17101b93d98589a6,K5,,,5,static,upset,selection,K5_4
61081f6a17101b93d98589a6,K5,,,5,static,upset,accuracy,1
61081f6a17101b93d98589a6,K5,,,5,static,upset,time,0.5647
5e8a31b935949800081dbdbd,K1,,,3,static,upset,selection,K1_1
5e8a31b935949800081dbdbd,K1,,,3,static,upset,selection,K1_12
5e8a31b935949800081dbdbd,K1,,,3,static,upset,accuracy,0
5e8a31b935949800081dbdbd,K1,,,3,static,upset,time,1.51085
5e8a31b935949800081dbdbd,K2,,,3,static,upset,selection,K2_4
5e8a31b935949800081dbdbd,K2,,,3,static,upset,selection,K2_11
5e8a31b935949800081dbdbd,K2,,,3,static,upset,selection,K2_15
5e8a31b935949800081dbdbd,K2,,,3,static,upset,accuracy,0
5e8a31b935949800081dbdbd,K2,,,3,static,upset,time,0.15883333333333333
5e8a31b935949800081dbdbd,K3,,,3,static,upset,selection,K3_7
5e8a31b935949800081dbdbd,K3,,,3,static,upset,selection,K3_9
5e8a31b935949800081dbdbd,K3,,,3,static,upset,selection,K3_18
5e8a31b935949800081dbdbd,K3,,,3,static,upset,accuracy,0
5e8a31b935949800081dbdbd,K3,,,3,static,upset,time,0.20156666666666664
5e8a31b935949800081dbdbd,K4,,,3,static,upset,selection,K4_1
5e8a31b935949800081dbdbd,K4,,,3,static,upset,selection,K4_14
5e8a31b935949800081dbdbd,K4,,,3,static,upset,accuracy,0
5e8a31b935949800081dbdbd,K4,,,3,static,upset,time,0.24908333333333335
5e8a31b935949800081dbdbd,K5,,,3,static,upset,selection,K5_5
5e8a31b935949800081dbdbd,K5,,,3,static,upset,accuracy,0
5e8a31b935949800081dbdbd,K5,,,3,static,upset,time,0.23620000000000002
61212989117ef3c081cb18a8,K1,,,3,static,upset,selection,K1_3
61212989117ef3c081cb18a8,K1,,,3,static,upset,accuracy,1
61212989117ef3c081cb18a8,K1,,,3,static,upset,time,0.7206833333333333
61212989117ef3c081cb18a8,K2,,,3,static,upset,selection,K2_1
61212989117ef3c081cb18a8,K2,,,3,static,upset,selection,K2_2
61212989117ef3c081cb18a8,K2,,,3,static,upset,selection,K2_6
61212989117ef3c081cb18a8,K2,,,3,static,upset,selection,K2_7
61212989117ef3c081cb18a8,K2,,,3,static,upset,selection,K2_8
61212989117ef3c081cb18a8,K2,,,3,static,upset,selection,K2_11
61212989117ef3c081cb18a8,K2,,,3,static,upset,selection,K2_13
61212989117ef3c081cb18a8,K2,,,3,static,upset,accuracy,1
61212989117ef3c081cb18a8,K2,,,3,static,upset,time,0.4570666666666667
61212989117ef3c081cb18a8,K3,,,3,static,upset,selection,K3_2
61212989117ef3c081cb18a8,K3,,,3,static,upset,selection,K3_4
61212989117ef3c081cb18a8,K3,,,3,static,upset,selection,K3_6
61212989117ef3c081cb18a8,K3,,,3,static,upset,selection,K3_10
61212989117ef3c081cb18a8,K3,,,3,static,upset,selection,K3_12
61212989117ef3c081cb18a8,K3,,,3,static,upset,selection,K3_16
61212989117ef3c081cb18a8,K3,,,3,static,upset,selection,K3_18
61212989117ef3c081cb18a8,K3,,,3,static,upset,accuracy,0
61212989117ef3c081cb18a8,K3,,,3,static,upset,time,0.8805999999999999
61212989117ef3c081cb18a8,K4,,,3,static,upset,accuracy,1
61212989117ef3c081cb18a8,K4,,,3,static,upset,time,3.514866666666667
61212989117ef3c081cb18a8,K5,,,3,static,upset,selection,K5_1
61212989117ef3c081cb18a8,K5,,,3,static,upset,selection,K5_2
61212989117ef3c081cb18a8,K5,,,3,static,upset,selection,K5_3
61212989117ef3c081cb18a8,K5,,,3,static,upset,selection,K5_4
61212989117ef3c081cb18a8,K5,,,3,static,upset,accuracy,1
61212989117ef3c081cb18a8,K5,,,3,static,upset,time,0.6071500000000001
611bc59204002575d9ce0814,K1,,,3,static,upset,selection,K1_3
611bc59204002575d9ce0814,K1,,,3,static,upset,accuracy,1
611bc59204002575d9ce0814,K1,,,3,static,upset,time,0.4578166666666667
611bc59204002575d9ce0814,K2,,,3,static,upset,selection,K2_1
611bc59204002575d9ce0814,K2,,,3,static,upset,selection,K2_2
611bc59204002575d9ce0814,K2,,,3,static,upset,selection,K2_6
611bc59204002575d9ce0814,K2,,,3,static,upset,selection,K2_7
611bc59204002575d9ce0814,K2,,,3,static,upset,selection,K2_8
611bc59204002575d9ce0814,K2,,,3,static,upset,selection,K2_11
611bc59204002575d9ce0814,K2,,,3,static,upset,accuracy,0
611bc59204002575d9ce0814,K2,,,3,static,upset,time,0.2879833333333333
611bc59204002575d9ce0814,K3,,,3,static,upset,selection,K3_2
611bc59204002575d9ce0814,K3,,,3,static,upset,selection,K3_4
611bc59204002575d9ce0814,K3,,,3,static,upset,selection,K3_6
611bc59204002575d9ce0814,K3,,,3,static,upset,selection,K3_7
611bc59204002575d9ce0814,K3,,,3,static,upset,selection,K3_9
611bc59204002575d9ce0814,K3,,,3,static,upset,selection,K3_10
611bc59204002575d9ce0814,K3,,,3,static,upset,selection,K3_12
611bc59204002575d9ce0814,K3,,,3,static,upset,selection,K3_13
611bc59204002575d9ce0814,K3,,,3,static,upset,accuracy,0
611bc59204002575d9ce0814,K3,,,3,static,upset,time,0.3978
611bc59204002575d9ce0814,K4,,,3,static,upset,accuracy,1
611bc59204002575d9ce0814,K4,,,3,static,upset,time,0.4030166666666667
611bc59204002575d9ce0814,K5,,,3,static,upset,selection,K5_1
611bc59204002575d9ce0814,K5,,,3,static,upset,selection,K5_2
611bc59204002575d9ce0814,K5,,,3,static,upset,selection,K5_5
611bc59204002575d9ce0814,K5,,,3,static,upset,accuracy,0
611bc59204002575d9ce0814,K5,,,3,static,upset,time,0.9926666666666667
6110c16f6cd12d9520eaf617,K1,,,5,static,upset,selection,K1_5
6110c16f6cd12d9520eaf617,K1,,,5,static,upset,accuracy,0
6110c16f6cd12d9520eaf617,K1,,,5,static,upset,time,0.3154333333333333
6110c16f6cd12d9520eaf617,K2,,,5,static,upset,selection,K2_1
6110c16f6cd12d9520eaf617,K2,,,5,static,upset,selection,K2_2
6110c16f6cd12d9520eaf617,K2,,,5,static,upset,selection,K2_6
6110c16f6cd12d9520eaf617,K2,,,5,static,upset,selection,K2_7
6110c16f6cd12d9520eaf617,K2,,,5,static,upset,selection,K2_8
6110c16f6cd12d9520eaf617,K2,,,5,static,upset,selection,K2_11
6110c16f6cd12d9520eaf617,K2,,,5,static,upset,selection,K2_13
6110c16f6cd12d9520eaf617,K2,,,5,static,upset,accuracy,1
6110c16f6cd12d9520eaf617,K2,,,5,static,upset,time,0.2921333333333333
6110c16f6cd12d9520eaf617,K3,,,5,static,upset,selection,K3_16
6110c16f6cd12d9520eaf617,K3,,,5,static,upset,selection,K3_18
6110c16f6cd12d9520eaf617,K3,,,5,static,upset,accuracy,1
6110c16f6cd12d9520eaf617,K3,,,5,static,upset,time,0.18208333333333335
6110c16f6cd12d9520eaf617,K4,,,5,static,upset,accuracy,1
6110c16f6cd12d9520eaf617,K4,,,5,static,upset,time,0.5281333333333333
6110c16f6cd12d9520eaf617,K5,,,5,static,upset,selection,K5_1
6110c16f6cd12d9520eaf617,K5,,,5,static,upset,selection,K5_2
6110c16f6cd12d9520eaf617,K5,,,5,static,upset,selection,K5_3
6110c16f6cd12d9520eaf617,K5,,,5,static,upset,selection,K5_4
6110c16f6cd12d9520eaf617,K5,,,5,static,upset,accuracy,1
6110c16f6cd12d9520eaf617,K5,,,5,static,upset,time,0.48938333333333334
611effd23081f927307832ec,K1,,,9,static,upset,selection,K1_14
611effd23081f927307832ec,K1,,,9,static,upset,accuracy,0
611effd23081f927307832ec,K1,,,9,static,upset,time,0.5991
611effd23081f927307832ec,K2,,,9,static,upset,selection,K2_1
611effd23081f927307832ec,K2,,,9,static,upset,accuracy,0
611effd23081f927307832ec,K2,,,9,static,upset,time,0.16285000000000002
611effd23081f927307832ec,K3,,,9,static,upset,selection,K3_16
611effd23081f927307832ec,K3,,,9,static,upset,selection,K3_18
611effd23081f927307832ec,K3,,,9,static,upset,accuracy,1
611effd23081f927307832ec,K3,,,9,static,upset,time,0.19078333333333333
611effd23081f927307832ec,K4,,,9,static,upset,accuracy,1
611effd23081f927307832ec,K4,,,9,static,upset,time,0.8506166666666667
611effd23081f927307832ec,K5,,,9,static,upset,selection,K5_1
611effd23081f927307832ec,K5,,,9,static,upset,selection,K5_2
611effd23081f927307832ec,K5,,,9,static,upset,selection,K5_3
611effd23081f927307832ec,K5,,,9,static,upset,selection,K5_4
611effd23081f927307832ec,K5,,,9,static,upset,accuracy,1
611effd23081f927307832ec,K5,,,9,static,upset,time,0.6633
6108c3b1e4831363b714e8ea,K1,,,9,static,upset,selection,K1_3
6108c3b1e4831363b714e8ea,K1,,,9,static,upset,accuracy,1
6108c3b1e4831363b714e8ea,K1,,,9,static,upset,time,0.3043166666666667
6108c3b1e4831363b714e8ea,K2,,,9,static,upset,selection,K2_1
6108c3b1e4831363b714e8ea,K2,,,9,static,upset,selection,K2_2
6108c3b1e4831363b714e8ea,K2,,,9,static,upset,selection,K2_6
6108c3b1e4831363b714e8ea,K2,,,9,static,upset,selection,K2_7
6108c3b1e4831363b714e8ea,K2,,,9,static,upset,selection,K2_8
6108c3b1e4831363b714e8ea,K2,,,9,static,upset,selection,K2_11
6108c3b1e4831363b714e8ea,K2,,,9,static,upset,selection,K2_13
6108c3b1e4831363b714e8ea,K2,,,9,static,upset,accuracy,1
6108c3b1e4831363b714e8ea,K2,,,9,static,upset,time,0.37148333333333333
6108c3b1e4831363b714e8ea,K3,,,9,static,upset,selection,K3_2
6108c3b1e4831363b714e8ea,K3,,,9,static,upset,selection,K3_4
6108c3b1e4831363b714e8ea,K3,,,9,static,upset,selection,K3_6
6108c3b1e4831363b714e8ea,K3,,,9,static,upset,selection,K3_7
6108c3b1e4831363b714e8ea,K3,,,9,static,upset,selection,K3_9
6108c3b1e4831363b714e8ea,K3,,,9,static,upset,selection,K3_10
6108c3b1e4831363b714e8ea,K3,,,9,static,upset,selection,K3_12
6108c3b1e4831363b714e8ea,K3,,,9,static,upset,selection,K3_13
6108c3b1e4831363b714e8ea,K3,,,9,static,upset,accuracy,0
6108c3b1e4831363b714e8ea,K3,,,9,static,upset,time,0.4021666666666667
6108c3b1e4831363b714e8ea,K4,,,9,static,upset,accuracy,1
6108c3b1e4831363b714e8ea,K4,,,9,static,upset,time,0.13574999999999998
6108c3b1e4831363b714e8ea,K5,,,9,static,upset,selection,K5_5
6108c3b1e4831363b714e8ea,K5,,,9,static,upset,accuracy,0
6108c3b1e4831363b714e8ea,K5,,,9,static,upset,time,0.40371666666666667
