date,region,new_cases
03-Jan-20,AFRO,0
03-Jan-20,AMRO,0
03-Jan-20,EMRO,0
03-Jan-20,EURO,0
03-Jan-20,Other,0
03-Jan-20,SEARO,0
03-Jan-20,WPRO,0
04-Jan-20,AFRO,0
04-Jan-20,AMRO,0
04-Jan-20,EMRO,0
04-Jan-20,EURO,0
04-Jan-20,Other,0
04-Jan-20,SEARO,0
04-Jan-20,WPRO,1
05-Jan-20,AFRO,0
05-Jan-20,AMRO,0
05-Jan-20,EMRO,0
05-Jan-20,EURO,0
05-Jan-20,Other,0
05-Jan-20,SEARO,0
05-Jan-20,WPRO,0
06-Jan-20,AFRO,0
06-Jan-20,AMRO,0
06-Jan-20,EMRO,0
06-Jan-20,EURO,0
06-Jan-20,Other,0
06-Jan-20,SEARO,0
06-Jan-20,WPRO,3
07-Jan-20,AFRO,0
07-Jan-20,AMRO,0
07-Jan-20,EMRO,0
07-Jan-20,EURO,0
07-Jan-20,Other,0
07-Jan-20,SEARO,0
07-Jan-20,WPRO,0
08-Jan-20,AFRO,0
08-Jan-20,AMRO,0
08-Jan-20,EMRO,0
08-Jan-20,EURO,0
08-Jan-20,Other,0
08-Jan-20,SEARO,0
08-Jan-20,WPRO,0
09-Jan-20,AFRO,0
09-Jan-20,AMRO,0
09-Jan-20,EMRO,0
09-Jan-20,EURO,0
09-Jan-20,Other,0
09-Jan-20,SEARO,0
09-Jan-20,WPRO,0
10-Jan-20,AFRO,0
10-Jan-20,AMRO,0
10-Jan-20,EMRO,0
10-Jan-20,EURO,0
10-Jan-20,Other,0
10-Jan-20,SEARO,0
10-Jan-20,WPRO,0
11-Jan-20,AFRO,0
11-Jan-20,AMRO,0
11-Jan-20,EMRO,0
11-Jan-20,EURO,0
11-Jan-20,Other,0
11-Jan-20,SEARO,0
11-Jan-20,WPRO,0
12-Jan-20,AFRO,0
12-Jan-20,AMRO,0
12-Jan-20,EMRO,0
12-Jan-20,EURO,0
12-Jan-20,Other,0
12-Jan-20,SEARO,0
12-Jan-20,WPRO,41
13-Jan-20,AFRO,0
13-Jan-20,AMRO,0
13-Jan-20,EMRO,0
13-Jan-20,EURO,0
13-Jan-20,Other,0
13-Jan-20,SEARO,1
13-Jan-20,WPRO,0
14-Jan-20,AFRO,0
14-Jan-20,AMRO,0
14-Jan-20,EMRO,0
14-Jan-20,EURO,0
14-Jan-20,Other,0
14-Jan-20,SEARO,4
14-Jan-20,WPRO,1
15-Jan-20,AFRO,0
15-Jan-20,AMRO,0
15-Jan-20,EMRO,0
15-Jan-20,EURO,0
15-Jan-20,Other,0
15-Jan-20,SEARO,0
15-Jan-20,WPRO,0
16-Jan-20,AFRO,0
16-Jan-20,AMRO,0
16-Jan-20,EMRO,0
16-Jan-20,EURO,0
16-Jan-20,Other,0
16-Jan-20,SEARO,0
16-Jan-20,WPRO,0
17-Jan-20,AFRO,0
17-Jan-20,AMRO,0
17-Jan-20,EMRO,0
17-Jan-20,EURO,0
17-Jan-20,Other,0
17-Jan-20,SEARO,-3
17-Jan-20,WPRO,4
18-Jan-20,AFRO,0
18-Jan-20,AMRO,0
18-Jan-20,EMRO,0
18-Jan-20,EURO,0
18-Jan-20,Other,0
18-Jan-20,SEARO,4
18-Jan-20,WPRO,0
19-Jan-20,AFRO,0
19-Jan-20,AMRO,0
19-Jan-20,EMRO,0
19-Jan-20,EURO,0
19-Jan-20,Other,0
19-Jan-20,SEARO,0
19-Jan-20,WPRO,81
20-Jan-20,AFRO,0
20-Jan-20,AMRO,5
20-Jan-20,EMRO,0
20-Jan-20,EURO,0
20-Jan-20,Other,0
20-Jan-20,SEARO,0
20-Jan-20,WPRO,77
21-Jan-20,AFRO,0
21-Jan-20,AMRO,0
21-Jan-20,EMRO,0
21-Jan-20,EURO,0
21-Jan-20,Other,0
21-Jan-20,SEARO,0
21-Jan-20,WPRO,93
22-Jan-20,AFRO,0
22-Jan-20,AMRO,0
22-Jan-20,EMRO,0
22-Jan-20,EURO,0
22-Jan-20,Other,0
22-Jan-20,SEARO,1
22-Jan-20,WPRO,143
23-Jan-20,AFRO,0
23-Jan-20,AMRO,0
23-Jan-20,EMRO,0
23-Jan-20,EURO,0
23-Jan-20,Other,0
23-Jan-20,SEARO,-2
23-Jan-20,WPRO,132
24-Jan-20,AFRO,0
24-Jan-20,AMRO,31
24-Jan-20,EMRO,0
24-Jan-20,EURO,3
24-Jan-20,Other,0
24-Jan-20,SEARO,8
24-Jan-20,WPRO,269
25-Jan-20,AFRO,0
25-Jan-20,AMRO,1
25-Jan-20,EMRO,0
25-Jan-20,EURO,0
25-Jan-20,Other,0
25-Jan-20,SEARO,0
25-Jan-20,WPRO,469
26-Jan-20,AFRO,0
26-Jan-20,AMRO,6
26-Jan-20,EMRO,0
26-Jan-20,EURO,0
26-Jan-20,Other,0
26-Jan-20,SEARO,-3
26-Jan-20,WPRO,691
27-Jan-20,AFRO,0
27-Jan-20,AMRO,4
27-Jan-20,EMRO,0
27-Jan-20,EURO,0
27-Jan-20,Other,0
27-Jan-20,SEARO,12
27-Jan-20,WPRO,783
28-Jan-20,AFRO,0
28-Jan-20,AMRO,4
28-Jan-20,EMRO,0
28-Jan-20,EURO,1
28-Jan-20,Other,0
28-Jan-20,SEARO,-2
28-Jan-20,WPRO,1770
29-Jan-20,AFRO,0
29-Jan-20,AMRO,1
29-Jan-20,EMRO,8
29-Jan-20,EURO,7
29-Jan-20,Other,0
29-Jan-20,SEARO,8
29-Jan-20,WPRO,1469
30-Jan-20,AFRO,0
30-Jan-20,AMRO,1
30-Jan-20,EMRO,0
30-Jan-20,EURO,1
30-Jan-20,Other,0
30-Jan-20,SEARO,1
30-Jan-20,WPRO,1751
31-Jan-20,AFRO,0
31-Jan-20,AMRO,2
31-Jan-20,EMRO,0
31-Jan-20,EURO,6
31-Jan-20,Other,0
31-Jan-20,SEARO,9
31-Jan-20,WPRO,1999
01-Feb-20,AFRO,0
01-Feb-20,AMRO,2
01-Feb-20,EMRO,1
01-Feb-20,EURO,4
01-Feb-20,Other,0
01-Feb-20,SEARO,-4
01-Feb-20,WPRO,2109
02-Feb-20,AFRO,0
02-Feb-20,AMRO,4
02-Feb-20,EMRO,0
02-Feb-20,EURO,3
02-Feb-20,Other,0
02-Feb-20,SEARO,1
02-Feb-20,WPRO,2601
03-Feb-20,AFRO,0
03-Feb-20,AMRO,3
03-Feb-20,EMRO,0
03-Feb-20,EURO,1
03-Feb-20,Other,0
03-Feb-20,SEARO,1
03-Feb-20,WPRO,2834
04-Feb-20,AFRO,0
04-Feb-20,AMRO,1
04-Feb-20,EMRO,0
04-Feb-20,EURO,3
04-Feb-20,Other,0
04-Feb-20,SEARO,10
04-Feb-20,WPRO,3235
05-Feb-20,AFRO,0
05-Feb-20,AMRO,8
05-Feb-20,EMRO,0
05-Feb-20,EURO,0
05-Feb-20,Other,14
05-Feb-20,SEARO,-4
05-Feb-20,WPRO,3911
06-Feb-20,AFRO,0
06-Feb-20,AMRO,1
06-Feb-20,EMRO,0
06-Feb-20,EURO,0
06-Feb-20,Other,10
06-Feb-20,SEARO,4
06-Feb-20,WPRO,3710
07-Feb-20,AFRO,0
07-Feb-20,AMRO,3
07-Feb-20,EMRO,0
07-Feb-20,EURO,2
07-Feb-20,Other,41
07-Feb-20,SEARO,0
07-Feb-20,WPRO,3158
08-Feb-20,AFRO,0
08-Feb-20,AMRO,0
08-Feb-20,EMRO,2
08-Feb-20,EURO,6
08-Feb-20,Other,3
08-Feb-20,SEARO,3
08-Feb-20,WPRO,3392
09-Feb-20,AFRO,0
09-Feb-20,AMRO,1
09-Feb-20,EMRO,0
09-Feb-20,EURO,0
09-Feb-20,Other,6
09-Feb-20,SEARO,-3
09-Feb-20,WPRO,2664
10-Feb-20,AFRO,0
10-Feb-20,AMRO,1
10-Feb-20,EMRO,1
10-Feb-20,EURO,4
10-Feb-20,Other,65
10-Feb-20,SEARO,0
10-Feb-20,WPRO,2990
11-Feb-20,AFRO,0
11-Feb-20,AMRO,2
11-Feb-20,EMRO,0
11-Feb-20,EURO,2
11-Feb-20,Other,0
11-Feb-20,SEARO,4
11-Feb-20,WPRO,2477
12-Feb-20,AFRO,0
12-Feb-20,AMRO,1
12-Feb-20,EMRO,0
12-Feb-20,EURO,2
12-Feb-20,Other,39
12-Feb-20,SEARO,4
12-Feb-20,WPRO,2027
13-Feb-20,AFRO,0
13-Feb-20,AMRO,2
13-Feb-20,EMRO,0
13-Feb-20,EURO,1
13-Feb-20,Other,44
13-Feb-20,SEARO,0
13-Feb-20,WPRO,15155
14-Feb-20,AFRO,0
14-Feb-20,AMRO,1
14-Feb-20,EMRO,5
14-Feb-20,EURO,3
14-Feb-20,Other,0
14-Feb-20,SEARO,0
14-Feb-20,WPRO,4065
15-Feb-20,AFRO,0
15-Feb-20,AMRO,2
15-Feb-20,EMRO,0
15-Feb-20,EURO,0
15-Feb-20,Other,67
15-Feb-20,SEARO,-3
15-Feb-20,WPRO,2660
16-Feb-20,AFRO,0
16-Feb-20,AMRO,3
16-Feb-20,EMRO,1
16-Feb-20,EURO,0
16-Feb-20,Other,70
16-Feb-20,SEARO,4
16-Feb-20,WPRO,2030
17-Feb-20,AFRO,0
17-Feb-20,AMRO,3
17-Feb-20,EMRO,0
17-Feb-20,EURO,1
17-Feb-20,Other,99
17-Feb-20,SEARO,-3
17-Feb-20,WPRO,2060
18-Feb-20,AFRO,0
18-Feb-20,AMRO,0
18-Feb-20,EMRO,0
18-Feb-20,EURO,0
18-Feb-20,Other,88
18-Feb-20,SEARO,4
18-Feb-20,WPRO,1904
19-Feb-20,AFRO,0
19-Feb-20,AMRO,6
19-Feb-20,EMRO,6
19-Feb-20,EURO,0
19-Feb-20,Other,79
19-Feb-20,SEARO,0
19-Feb-20,WPRO,1796
20-Feb-20,AFRO,0
20-Feb-20,AMRO,0
20-Feb-20,EMRO,3
20-Feb-20,EURO,0
20-Feb-20,Other,0
20-Feb-20,SEARO,0
20-Feb-20,WPRO,417
21-Feb-20,AFRO,0
21-Feb-20,AMRO,1
21-Feb-20,EMRO,20
21-Feb-20,EURO,1
21-Feb-20,Other,13
21-Feb-20,SEARO,0
21-Feb-20,WPRO,987
22-Feb-20,AFRO,0
22-Feb-20,AMRO,3
22-Feb-20,EMRO,12
22-Feb-20,EURO,14
22-Feb-20,Other,0
22-Feb-20,SEARO,0
22-Feb-20,WPRO,1034
23-Feb-20,AFRO,0
23-Feb-20,AMRO,9
23-Feb-20,EMRO,15
23-Feb-20,EURO,64
23-Feb-20,Other,57
23-Feb-20,SEARO,0
23-Feb-20,WPRO,890
24-Feb-20,AFRO,0
24-Feb-20,AMRO,3
24-Feb-20,EMRO,32
24-Feb-20,EURO,56
24-Feb-20,Other,0
24-Feb-20,SEARO,0
24-Feb-20,WPRO,439
25-Feb-20,AFRO,5
25-Feb-20,AMRO,1
25-Feb-20,EMRO,66
25-Feb-20,EURO,100
25-Feb-20,Other,0
25-Feb-20,SEARO,-2
25-Feb-20,WPRO,660
26-Feb-20,AFRO,0
26-Feb-20,AMRO,10
26-Feb-20,EMRO,72
26-Feb-20,EURO,108
26-Feb-20,Other,4
26-Feb-20,SEARO,3
26-Feb-20,WPRO,674
27-Feb-20,AFRO,0
27-Feb-20,AMRO,5
27-Feb-20,EMRO,48
27-Feb-20,EURO,106
27-Feb-20,Other,0
27-Feb-20,SEARO,4
27-Feb-20,WPRO,913
28-Feb-20,AFRO,5
28-Feb-20,AMRO,13
28-Feb-20,EMRO,256
28-Feb-20,EURO,334
28-Feb-20,Other,0
28-Feb-20,SEARO,-3
28-Feb-20,WPRO,786
29-Feb-20,AFRO,0
29-Feb-20,AMRO,16
29-Feb-20,EMRO,20
29-Feb-20,EURO,327
29-Feb-20,Other,0
29-Feb-20,SEARO,1
29-Feb-20,WPRO,1364
01-Mar-20,AFRO,0
01-Mar-20,AMRO,14
01-Mar-20,EMRO,217
01-Mar-20,EURO,414
01-Mar-20,Other,1
01-Mar-20,SEARO,4
01-Mar-20,WPRO,1187
02-Mar-20,AFRO,7
02-Mar-20,AMRO,44
02-Mar-20,EMRO,40
02-Mar-20,EURO,690
02-Mar-20,Other,0
02-Mar-20,SEARO,-3
02-Mar-20,WPRO,915
03-Mar-20,AFRO,2
03-Mar-20,AMRO,41
03-Mar-20,EMRO,939
03-Mar-20,EURO,571
03-Mar-20,Other,0
03-Mar-20,SEARO,12
03-Mar-20,WPRO,748
04-Mar-20,AFRO,6
04-Mar-20,AMRO,42
04-Mar-20,EMRO,1430
04-Mar-20,EURO,764
04-Mar-20,Other,0
04-Mar-20,SEARO,19
04-Mar-20,WPRO,666
05-Mar-20,AFRO,9
05-Mar-20,AMRO,52
05-Mar-20,EMRO,617
05-Mar-20,EURO,1088
05-Mar-20,Other,0
05-Mar-20,SEARO,1
05-Mar-20,WPRO,641
06-Mar-20,AFRO,10
06-Mar-20,AMRO,70
06-Mar-20,EMRO,1279
06-Mar-20,EURO,1516
06-Mar-20,Other,0
06-Mar-20,SEARO,6
06-Mar-20,WPRO,720
07-Mar-20,AFRO,7
07-Mar-20,AMRO,116
07-Mar-20,EMRO,1114
07-Mar-20,EURO,1868
07-Mar-20,Other,0
07-Mar-20,SEARO,11
07-Mar-20,WPRO,697
08-Mar-20,AFRO,1
08-Mar-20,AMRO,117
08-Mar-20,EMRO,822
08-Mar-20,EURO,2207
08-Mar-20,Other,0
08-Mar-20,SEARO,10
08-Mar-20,WPRO,489
09-Mar-20,AFRO,4
09-Mar-20,AMRO,113
09-Mar-20,EMRO,640
09-Mar-20,EURO,2684
09-Mar-20,Other,0
09-Mar-20,SEARO,7
09-Mar-20,WPRO,366
10-Mar-20,AFRO,4
10-Mar-20,AMRO,227
10-Mar-20,EMRO,952
10-Mar-20,EURO,3514
10-Mar-20,Other,0
10-Mar-20,SEARO,20
10-Mar-20,WPRO,233
11-Mar-20,AFRO,11
11-Mar-20,AMRO,345
11-Mar-20,EMRO,1090
11-Mar-20,EURO,3373
11-Mar-20,Other,0
11-Mar-20,SEARO,23
11-Mar-20,WPRO,363
12-Mar-20,AFRO,22
12-Mar-20,AMRO,436
12-Mar-20,EMRO,1129
12-Mar-20,EURO,5952
12-Mar-20,Other,0
12-Mar-20,SEARO,36
12-Mar-20,WPRO,283
13-Mar-20,AFRO,11
13-Mar-20,AMRO,528
13-Mar-20,EMRO,1313
13-Mar-20,EURO,7419
13-Mar-20,Other,1
13-Mar-20,SEARO,21
13-Mar-20,WPRO,238
14-Mar-20,AFRO,78
14-Mar-20,AMRO,715
14-Mar-20,EMRO,1817
14-Mar-20,EURO,8019
14-Mar-20,Other,0
14-Mar-20,SEARO,37
14-Mar-20,WPRO,317
15-Mar-20,AFRO,45
15-Mar-20,AMRO,623
15-Mar-20,EMRO,1417
15-Mar-20,EURO,9744
15-Mar-20,Other,15
15-Mar-20,SEARO,110
15-Mar-20,WPRO,330
16-Mar-20,AFRO,52
16-Mar-20,AMRO,797
16-Mar-20,EMRO,1177
16-Mar-20,EURO,9160
16-Mar-20,Other,0
16-Mar-20,SEARO,68
16-Mar-20,WPRO,438
17-Mar-20,AFRO,50
17-Mar-20,AMRO,1818
17-Mar-20,EMRO,1545
17-Mar-20,EURO,12144
17-Mar-20,Other,0
17-Mar-20,SEARO,106
17-Mar-20,WPRO,339
18-Mar-20,AFRO,95
18-Mar-20,AMRO,1588
18-Mar-20,EMRO,1464
18-Mar-20,EURO,13070
18-Mar-20,Other,0
18-Mar-20,SEARO,118
18-Mar-20,WPRO,479
19-Mar-20,AFRO,160
19-Mar-20,AMRO,3781
19-Mar-20,EMRO,1247
19-Mar-20,EURO,15937
19-Mar-20,Other,0
19-Mar-20,SEARO,183
19-Mar-20,WPRO,655
20-Mar-20,AFRO,76
20-Mar-20,AMRO,4682
20-Mar-20,EMRO,1546
20-Mar-20,EURO,23187
20-Mar-20,Other,-4
20-Mar-20,SEARO,173
20-Mar-20,WPRO,513
21-Mar-20,AFRO,111
21-Mar-20,AMRO,5817
21-Mar-20,EMRO,1225
21-Mar-20,EURO,24041
21-Mar-20,Other,0
21-Mar-20,SEARO,244
21-Mar-20,WPRO,707
22-Mar-20,AFRO,64
22-Mar-20,AMRO,3771
22-Mar-20,EMRO,1558
22-Mar-20,EURO,24364
22-Mar-20,Other,0
22-Mar-20,SEARO,339
22-Mar-20,WPRO,747
23-Mar-20,AFRO,176
23-Mar-20,AMRO,7011
23-Mar-20,EMRO,1819
23-Mar-20,EURO,22345
23-Mar-20,Other,0
23-Mar-20,SEARO,279
23-Mar-20,WPRO,853
24-Mar-20,AFRO,304
24-Mar-20,AMRO,10814
24-Mar-20,EMRO,2385
24-Mar-20,EURO,27050
24-Mar-20,Other,0
24-Mar-20,SEARO,309
24-Mar-20,WPRO,989
25-Mar-20,AFRO,351
25-Mar-20,AMRO,12636
25-Mar-20,EMRO,2838
25-Mar-20,EURO,28028
25-Mar-20,Other,0
25-Mar-20,SEARO,304
25-Mar-20,WPRO,1135
26-Mar-20,AFRO,281
26-Mar-20,AMRO,14278
26-Mar-20,EMRO,2836
26-Mar-20,EURO,33499
26-Mar-20,Other,0
26-Mar-20,SEARO,264
26-Mar-20,WPRO,920
27-Mar-20,AFRO,482
27-Mar-20,AMRO,14718
27-Mar-20,EMRO,3540
27-Mar-20,EURO,38425
27-Mar-20,Other,0
27-Mar-20,SEARO,329
27-Mar-20,WPRO,1331
28-Mar-20,AFRO,412
28-Mar-20,AMRO,19418
28-Mar-20,EMRO,3594
28-Mar-20,EURO,40768
28-Mar-20,Other,0
28-Mar-20,SEARO,406
28-Mar-20,WPRO,1161
29-Mar-20,AFRO,205
29-Mar-20,AMRO,20938
29-Mar-20,EMRO,3711
29-Mar-20,EURO,41490
29-Mar-20,Other,0
29-Mar-20,SEARO,353
29-Mar-20,WPRO,1445
30-Mar-20,AFRO,484
30-Mar-20,AMRO,21386
30-Mar-20,EMRO,3838
30-Mar-20,EURO,31178
30-Mar-20,Other,0
30-Mar-20,SEARO,367
30-Mar-20,WPRO,1278
31-Mar-20,AFRO,282
31-Mar-20,AMRO,21087
31-Mar-20,EMRO,4027
31-Mar-20,EURO,31691
31-Mar-20,Other,0
31-Mar-20,SEARO,430
31-Mar-20,WPRO,967
01-Apr-20,AFRO,313
01-Apr-20,AMRO,25573
01-Apr-20,EMRO,3740
01-Apr-20,EURO,41772
01-Apr-20,Other,0
01-Apr-20,SEARO,681
01-Apr-20,WPRO,1557
02-Apr-20,AFRO,621
02-Apr-20,AMRO,26894
02-Apr-20,EMRO,3868
02-Apr-20,EURO,39166
02-Apr-20,Other,0
02-Apr-20,SEARO,555
02-Apr-20,WPRO,1372
03-Apr-20,AFRO,560
03-Apr-20,AMRO,31620
03-Apr-20,EMRO,3820
03-Apr-20,EURO,37679
03-Apr-20,Other,0
03-Apr-20,SEARO,647
03-Apr-20,WPRO,1132
04-Apr-20,AFRO,689
04-Apr-20,AMRO,29947
04-Apr-20,EMRO,3446
04-Apr-20,EURO,41061
04-Apr-20,Other,0
04-Apr-20,SEARO,817
04-Apr-20,WPRO,1447
05-Apr-20,AFRO,423
05-Apr-20,AMRO,39196
05-Apr-20,EMRO,1685
05-Apr-20,EURO,38510
05-Apr-20,Other,0
05-Apr-20,SEARO,780
05-Apr-20,WPRO,1019
06-Apr-20,AFRO,231
06-Apr-20,AMRO,33966
06-Apr-20,EMRO,4054
06-Apr-20,EURO,29381
06-Apr-20,Other,0
06-Apr-20,SEARO,1007
06-Apr-20,WPRO,1126
07-Apr-20,AFRO,443
07-Apr-20,AMRO,30668
07-Apr-20,EMRO,4218
07-Apr-20,EURO,31145
07-Apr-20,Other,0
07-Apr-20,SEARO,685
07-Apr-20,WPRO,1120
08-Apr-20,AFRO,555
08-Apr-20,AMRO,46268
08-Apr-20,EMRO,3428
08-Apr-20,EURO,34900
08-Apr-20,Other,0
08-Apr-20,SEARO,1242
08-Apr-20,WPRO,1027
09-Apr-20,AFRO,690
09-Apr-20,AMRO,27557
09-Apr-20,EMRO,3357
09-Apr-20,EURO,39191
09-Apr-20,Other,0
09-Apr-20,SEARO,1097
09-Apr-20,WPRO,1182
10-Apr-20,AFRO,450
10-Apr-20,AMRO,39311
10-Apr-20,EMRO,3308
10-Apr-20,EURO,40419
10-Apr-20,Other,0
10-Apr-20,SEARO,916
10-Apr-20,WPRO,1397
11-Apr-20,AFRO,553
11-Apr-20,AMRO,39312
11-Apr-20,EMRO,3568
11-Apr-20,EURO,39563
11-Apr-20,Other,0
11-Apr-20,SEARO,1477
11-Apr-20,WPRO,1301
12-Apr-20,AFRO,388
12-Apr-20,AMRO,40252
12-Apr-20,EMRO,3719
12-Apr-20,EURO,35064
12-Apr-20,Other,0
12-Apr-20,SEARO,1496
12-Apr-20,WPRO,1569
13-Apr-20,AFRO,531
13-Apr-20,AMRO,37535
13-Apr-20,EMRO,3768
13-Apr-20,EURO,29032
13-Apr-20,Other,0
13-Apr-20,SEARO,1340
13-Apr-20,WPRO,1308
14-Apr-20,AFRO,527
14-Apr-20,AMRO,32909
14-Apr-20,EMRO,3925
14-Apr-20,EURO,27122
14-Apr-20,Other,0
14-Apr-20,SEARO,1769
14-Apr-20,WPRO,1379
15-Apr-20,AFRO,580
15-Apr-20,AMRO,28497
15-Apr-20,EMRO,3751
15-Apr-20,EURO,33725
15-Apr-20,Other,0
15-Apr-20,SEARO,1652
15-Apr-20,WPRO,1399
16-Apr-20,AFRO,477
16-Apr-20,AMRO,33753
16-Apr-20,EMRO,4043
16-Apr-20,EURO,32732
16-Apr-20,Other,0
16-Apr-20,SEARO,1719
16-Apr-20,WPRO,1367
17-Apr-20,AFRO,517
17-Apr-20,AMRO,34947
17-Apr-20,EMRO,4392
17-Apr-20,EURO,36757
17-Apr-20,Other,0
17-Apr-20,SEARO,1713
17-Apr-20,WPRO,1699
18-Apr-20,AFRO,744
18-Apr-20,AMRO,37130
18-Apr-20,EMRO,4859
18-Apr-20,EURO,33681
18-Apr-20,Other,0
18-Apr-20,SEARO,1690
18-Apr-20,WPRO,1987
19-Apr-20,AFRO,788
19-Apr-20,AMRO,37544
19-Apr-20,EMRO,4008
19-Apr-20,EURO,34624
19-Apr-20,Other,0
19-Apr-20,SEARO,2047
19-Apr-20,WPRO,1855
20-Apr-20,AFRO,868
20-Apr-20,AMRO,37478
20-Apr-20,EMRO,4742
20-Apr-20,EURO,27272
20-Apr-20,Other,0
20-Apr-20,SEARO,2297
20-Apr-20,WPRO,1326
21-Apr-20,AFRO,795
21-Apr-20,AMRO,31991
21-Apr-20,EMRO,5037
21-Apr-20,EURO,28808
21-Apr-20,Other,0
21-Apr-20,SEARO,2234
21-Apr-20,WPRO,2069
22-Apr-20,AFRO,560
22-Apr-20,AMRO,35995
22-Apr-20,EMRO,4879
22-Apr-20,EURO,31776
22-Apr-20,Other,0
22-Apr-20,SEARO,2081
22-Apr-20,WPRO,1761
23-Apr-20,AFRO,714
23-Apr-20,AMRO,34431
23-Apr-20,EMRO,5101
23-Apr-20,EURO,30256
23-Apr-20,Other,0
23-Apr-20,SEARO,2232
23-Apr-20,WPRO,1635
24-Apr-20,AFRO,1404
24-Apr-20,AMRO,35507
24-Apr-20,EMRO,4845
24-Apr-20,EURO,32194
24-Apr-20,Other,0
24-Apr-20,SEARO,2714
24-Apr-20,WPRO,1879
25-Apr-20,AFRO,1263
25-Apr-20,AMRO,58482
25-Apr-20,EMRO,5676
25-Apr-20,EURO,31158
25-Apr-20,Other,0
25-Apr-20,SEARO,2266
25-Apr-20,WPRO,1688
26-Apr-20,AFRO,819
26-Apr-20,AMRO,39237
26-Apr-20,EMRO,5615
26-Apr-20,EURO,28504
26-Apr-20,Other,0
26-Apr-20,SEARO,2793
26-Apr-20,WPRO,1169
27-Apr-20,AFRO,1154
27-Apr-20,AMRO,46887
27-Apr-20,EMRO,5347
27-Apr-20,EURO,23124
27-Apr-20,Other,0
27-Apr-20,SEARO,2206
27-Apr-20,WPRO,1482
28-Apr-20,AFRO,767
28-Apr-20,AMRO,37656
28-Apr-20,EMRO,5305
28-Apr-20,EURO,23410
28-Apr-20,Other,0
28-Apr-20,SEARO,2612
28-Apr-20,WPRO,1264
29-Apr-20,AFRO,1017
29-Apr-20,AMRO,35210
29-Apr-20,EMRO,5690
29-Apr-20,EURO,23505
29-Apr-20,Other,0
29-Apr-20,SEARO,2856
29-Apr-20,WPRO,1064
30-Apr-20,AFRO,1460
30-Apr-20,AMRO,36680
30-Apr-20,EMRO,5489
30-Apr-20,EURO,28296
30-Apr-20,Other,0
30-Apr-20,SEARO,2806
30-Apr-20,WPRO,1294
01-May-20,AFRO,1950
01-May-20,AMRO,40647
01-May-20,EMRO,6168
01-May-20,EURO,28308
01-May-20,Other,0
01-May-20,SEARO,3094
01-May-20,WPRO,1095
02-May-20,AFRO,1310
02-May-20,AMRO,48084
02-May-20,EMRO,6406
02-May-20,EURO,27081
02-May-20,Other,0
02-May-20,SEARO,3219
02-May-20,WPRO,1565
03-May-20,AFRO,1463
03-May-20,AMRO,47466
03-May-20,EMRO,5618
03-May-20,EURO,26006
03-May-20,Other,0
03-May-20,SEARO,3700
03-May-20,WPRO,1041
04-May-20,AFRO,1098
04-May-20,AMRO,46019
04-May-20,EMRO,5690
04-May-20,EURO,23762
04-May-20,Other,0
04-May-20,SEARO,3701
04-May-20,WPRO,1328
05-May-20,AFRO,2036
05-May-20,AMRO,43586
05-May-20,EMRO,7077
05-May-20,EURO,21325
05-May-20,Other,0
05-May-20,SEARO,5237
05-May-20,WPRO,1096
06-May-20,AFRO,1403
06-May-20,AMRO,32570
06-May-20,EMRO,7854
06-May-20,EURO,26083
06-May-20,Other,0
06-May-20,SEARO,4194
06-May-20,WPRO,1016
07-May-20,AFRO,1497
07-May-20,AMRO,36104
07-May-20,EMRO,7968
07-May-20,EURO,29974
07-May-20,Other,0
07-May-20,SEARO,4667
07-May-20,WPRO,1300
08-May-20,AFRO,2247
08-May-20,AMRO,44774
08-May-20,EMRO,8125
08-May-20,EURO,26466
08-May-20,Other,0
08-May-20,SEARO,4581
08-May-20,WPRO,1263
09-May-20,AFRO,2827
09-May-20,AMRO,50706
09-May-20,EMRO,8699
09-May-20,EURO,26278
09-May-20,Other,0
09-May-20,SEARO,4553
09-May-20,WPRO,1076
10-May-20,AFRO,2082
10-May-20,AMRO,43850
10-May-20,EMRO,9706
10-May-20,EURO,24599
10-May-20,Other,0
10-May-20,SEARO,4620
10-May-20,WPRO,1139
11-May-20,AFRO,1907
11-May-20,AMRO,48117
11-May-20,EMRO,9436
11-May-20,EURO,21277
11-May-20,Other,0
11-May-20,SEARO,5557
11-May-20,WPRO,1248
12-May-20,AFRO,2296
12-May-20,AMRO,38495
12-May-20,EMRO,8863
12-May-20,EURO,20487
12-May-20,Other,0
12-May-20,SEARO,5212
12-May-20,WPRO,927
13-May-20,AFRO,2600
13-May-20,AMRO,32160
13-May-20,EMRO,10243
13-May-20,EURO,24797
13-May-20,Other,0
13-May-20,SEARO,5483
13-May-20,WPRO,1364
14-May-20,AFRO,2323
14-May-20,AMRO,41970
14-May-20,EMRO,9535
14-May-20,EURO,22552
14-May-20,Other,0
14-May-20,SEARO,5381
14-May-20,WPRO,1081
15-May-20,AFRO,2438
15-May-20,AMRO,44444
15-May-20,EMRO,11384
15-May-20,EURO,23848
15-May-20,Other,0
15-May-20,SEARO,5733
15-May-20,WPRO,1268
16-May-20,AFRO,2271
16-May-20,AMRO,53649
16-May-20,EMRO,10479
16-May-20,EURO,21079
16-May-20,Other,0
16-May-20,SEARO,5527
16-May-20,WPRO,1171
17-May-20,AFRO,2202
17-May-20,AMRO,50712
17-May-20,EMRO,10900
17-May-20,EURO,22060
17-May-20,Other,0
17-May-20,SEARO,6805
17-May-20,WPRO,823
18-May-20,AFRO,2500
18-May-20,AMRO,60309
18-May-20,EMRO,11992
18-May-20,EURO,18678
18-May-20,Other,0
18-May-20,SEARO,7450
18-May-20,WPRO,971
19-May-20,AFRO,2358
19-May-20,AMRO,33229
19-May-20,EMRO,11845
19-May-20,EURO,19048
19-May-20,Other,0
19-May-20,SEARO,6813
19-May-20,WPRO,663
20-May-20,AFRO,2435
20-May-20,AMRO,50956
20-May-20,EMRO,11497
20-May-20,EURO,19280
20-May-20,Other,0
20-May-20,SEARO,7997
20-May-20,WPRO,777
21-May-20,AFRO,2391
21-May-20,AMRO,56657
21-May-20,EMRO,14477
21-May-20,EURO,22224
21-May-20,Other,0
21-May-20,SEARO,8448
21-May-20,WPRO,955
22-May-20,AFRO,3405
22-May-20,AMRO,57272
22-May-20,EMRO,13199
22-May-20,EURO,19768
22-May-20,Other,0
22-May-20,SEARO,8546
22-May-20,WPRO,838
23-May-20,AFRO,2504
23-May-20,AMRO,56135
23-May-20,EMRO,13423
23-May-20,EURO,19449
23-May-20,Other,29
23-May-20,SEARO,9612
23-May-20,WPRO,919
24-May-20,AFRO,3039
24-May-20,AMRO,59543
24-May-20,EMRO,12885
24-May-20,EURO,18921
24-May-20,Other,0
24-May-20,SEARO,8954
24-May-20,WPRO,925
25-May-20,AFRO,2707
25-May-20,AMRO,59208
25-May-20,EMRO,12026
25-May-20,EURO,17789
25-May-20,Other,0
25-May-20,SEARO,9579
25-May-20,WPRO,927
26-May-20,AFRO,3042
26-May-20,AMRO,47956
26-May-20,EMRO,11068
26-May-20,EURO,17338
26-May-20,Other,0
26-May-20,SEARO,8392
26-May-20,WPRO,878
27-May-20,AFRO,2771
27-May-20,AMRO,51150
27-May-20,EMRO,10690
27-May-20,EURO,17255
27-May-20,Other,0
27-May-20,SEARO,8907
27-May-20,WPRO,1007
28-May-20,AFRO,3777
28-May-20,AMRO,51964
28-May-20,EMRO,12251
28-May-20,EURO,18586
28-May-20,Other,0
28-May-20,SEARO,9569
28-May-20,WPRO,1056
29-May-20,AFRO,3337
29-May-20,AMRO,60305
29-May-20,EMRO,13580
29-May-20,EURO,19311
29-May-20,Other,0
29-May-20,SEARO,10913
29-May-20,WPRO,1042
30-May-20,AFRO,3973
30-May-20,AMRO,66261
30-May-20,EMRO,14503
30-May-20,EURO,19170
30-May-20,Other,0
30-May-20,SEARO,10650
30-May-20,WPRO,1944
31-May-20,AFRO,3708
31-May-20,AMRO,63132
31-May-20,EMRO,15076
31-May-20,EURO,18271
31-May-20,Other,0
31-May-20,SEARO,11852
31-May-20,WPRO,1219
01-Jun-20,AFRO,3632
01-Jun-20,AMRO,79398
01-Jun-20,EMRO,15140
01-Jun-20,EURO,16849
01-Jun-20,Other,0
01-Jun-20,SEARO,11599
01-Jun-20,WPRO,1533
02-Jun-20,AFRO,3879
02-Jun-20,AMRO,64414
02-Jun-20,EMRO,16006
02-Jun-20,EURO,15722
02-Jun-20,Other,0
02-Jun-20,SEARO,12092
02-Jun-20,WPRO,1107
03-Jun-20,AFRO,3365
03-Jun-20,AMRO,41538
03-Jun-20,EMRO,16344
03-Jun-20,EURO,16963
03-Jun-20,Other,0
03-Jun-20,SEARO,12566
03-Jun-20,WPRO,1052
04-Jun-20,AFRO,4153
04-Jun-20,AMRO,73606
04-Jun-20,EMRO,17526
04-Jun-20,EURO,18649
04-Jun-20,Other,0
04-Jun-20,SEARO,12735
04-Jun-20,WPRO,1496
05-Jun-20,AFRO,5465
05-Jun-20,AMRO,62378
05-Jun-20,EMRO,17078
05-Jun-20,EURO,18617
05-Jun-20,Other,0
05-Jun-20,SEARO,13678
05-Jun-20,WPRO,1540
06-Jun-20,AFRO,5457
06-Jun-20,AMRO,71432
06-Jun-20,EMRO,17906
06-Jun-20,EURO,18547
06-Jun-20,Other,0
06-Jun-20,SEARO,13875
06-Jun-20,WPRO,637
07-Jun-20,AFRO,4763
07-Jun-20,AMRO,80098
07-Jun-20,EMRO,18652
07-Jun-20,EURO,17960
07-Jun-20,Other,0
07-Jun-20,SEARO,13643
07-Jun-20,WPRO,1206
08-Jun-20,AFRO,4088
08-Jun-20,AMRO,75983
08-Jun-20,EMRO,17751
08-Jun-20,EURO,18595
08-Jun-20,Other,0
08-Jun-20,SEARO,13922
08-Jun-20,WPRO,1038
09-Jun-20,AFRO,5086
09-Jun-20,AMRO,54542
09-Jun-20,EMRO,17171
09-Jun-20,EURO,16648
09-Jun-20,Other,0
09-Jun-20,SEARO,14557
09-Jun-20,WPRO,1057
10-Jun-20,AFRO,4789
10-Jun-20,AMRO,49289
10-Jun-20,EMRO,18749
10-Jun-20,EURO,17383
10-Jun-20,Other,0
10-Jun-20,SEARO,14733
10-Jun-20,WPRO,846
11-Jun-20,AFRO,4795
11-Jun-20,AMRO,70865
11-Jun-20,EMRO,19472
11-Jun-20,EURO,18485
11-Jun-20,Other,0
11-Jun-20,SEARO,14446
11-Jun-20,WPRO,1292
12-Jun-20,AFRO,5680
12-Jun-20,AMRO,76334
12-Jun-20,EMRO,19912
12-Jun-20,EURO,19313
12-Jun-20,Other,0
12-Jun-20,SEARO,16021
12-Jun-20,WPRO,1014
13-Jun-20,AFRO,5492
13-Jun-20,AMRO,78833
13-Jun-20,EMRO,20885
13-Jun-20,EURO,18518
13-Jun-20,Other,0
13-Jun-20,SEARO,15624
13-Jun-20,WPRO,1229
14-Jun-20,AFRO,6312
14-Jun-20,AMRO,73289
14-Jun-20,EMRO,20905
14-Jun-20,EURO,19418
14-Jun-20,Other,0
14-Jun-20,SEARO,16380
14-Jun-20,WPRO,1150
15-Jun-20,AFRO,7937
15-Jun-20,AMRO,69133
15-Jun-20,EMRO,19669
15-Jun-20,EURO,17788
15-Jun-20,Other,0
15-Jun-20,SEARO,16117
15-Jun-20,WPRO,1133
16-Jun-20,AFRO,6400
16-Jun-20,AMRO,59161
16-Jun-20,EMRO,18552
16-Jun-20,EURO,17742
16-Jun-20,Other,0
16-Jun-20,SEARO,16054
16-Jun-20,WPRO,924
17-Jun-20,AFRO,5722
17-Jun-20,AMRO,59336
17-Jun-20,EMRO,20685
17-Jun-20,EURO,18056
17-Jun-20,Other,0
17-Jun-20,SEARO,16634
17-Jun-20,WPRO,667
18-Jun-20,AFRO,6914
18-Jun-20,AMRO,117347
18-Jun-20,EMRO,20042
18-Jun-20,EURO,19764
18-Jun-20,Other,0
18-Jun-20,SEARO,18733
18-Jun-20,WPRO,875
19-Jun-20,AFRO,6639
19-Jun-20,AMRO,78394
19-Jun-20,EMRO,19157
19-Jun-20,EURO,19311
19-Jun-20,Other,0
19-Jun-20,SEARO,18340
19-Jun-20,WPRO,1027
20-Jun-20,AFRO,7357
20-Jun-20,AMRO,77153
20-Jun-20,EMRO,21773
20-Jun-20,EURO,19134
20-Jun-20,Other,0
20-Jun-20,SEARO,19352
20-Jun-20,WPRO,1000
21-Jun-20,AFRO,8464
21-Jun-20,AMRO,112303
21-Jun-20,EMRO,18966
21-Jun-20,EURO,19415
21-Jun-20,Other,0
21-Jun-20,SEARO,20248
21-Jun-20,WPRO,1371
22-Jun-20,AFRO,7664
22-Jun-20,AMRO,91209
22-Jun-20,EMRO,17233
22-Jun-20,EURO,17654
22-Jun-20,Other,0
22-Jun-20,SEARO,19809
22-Jun-20,WPRO,1051
23-Jun-20,AFRO,7552
23-Jun-20,AMRO,67999
23-Jun-20,EMRO,18512
23-Jun-20,EURO,17822
23-Jun-20,Other,0
23-Jun-20,SEARO,20003
23-Jun-20,WPRO,1031
24-Jun-20,AFRO,7333
24-Jun-20,AMRO,68985
24-Jun-20,EMRO,17676
24-Jun-20,EURO,18761
24-Jun-20,Other,0
24-Jun-20,SEARO,21206
24-Jun-20,WPRO,1430
25-Jun-20,AFRO,9010
25-Jun-20,AMRO,98011
25-Jun-20,EMRO,18824
25-Jun-20,EURO,20530
25-Jun-20,Other,0
25-Jun-20,SEARO,22507
25-Jun-20,WPRO,840
26-Jun-20,AFRO,10194
26-Jun-20,AMRO,107556
26-Jun-20,EMRO,17877
26-Jun-20,EURO,20232
26-Jun-20,Other,0
26-Jun-20,SEARO,23011
26-Jun-20,WPRO,1102
27-Jun-20,AFRO,9350
27-Jun-20,AMRO,106165
27-Jun-20,EMRO,18747
27-Jun-20,EURO,19799
27-Jun-20,Other,0
27-Jun-20,SEARO,24041
27-Jun-20,WPRO,1453
28-Jun-20,AFRO,10713
28-Jun-20,AMRO,117959
28-Jun-20,EMRO,17996
28-Jun-20,EURO,19135
28-Jun-20,Other,0
28-Jun-20,SEARO,25406
28-Jun-20,WPRO,1265
29-Jun-20,AFRO,9532
29-Jun-20,AMRO,108663
29-Jun-20,EMRO,17559
29-Jun-20,EURO,17422
29-Jun-20,Other,0
29-Jun-20,SEARO,25056
29-Jun-20,WPRO,1069
30-Jun-20,AFRO,8943
30-Jun-20,AMRO,93493
30-Jun-20,EMRO,16493
30-Jun-20,EURO,27051
30-Jun-20,Other,0
30-Jun-20,SEARO,23845
30-Jun-20,WPRO,1465
01-Jul-20,AFRO,9504
01-Jul-20,AMRO,83302
01-Jul-20,EMRO,19337
01-Jul-20,EURO,18839
01-Jul-20,Other,0
01-Jul-20,SEARO,24329
01-Jul-20,WPRO,1581
02-Jul-20,AFRO,11638
02-Jul-20,AMRO,101253
02-Jul-20,EMRO,18948
02-Jul-20,EURO,19980
02-Jul-20,Other,0
02-Jul-20,SEARO,25301
02-Jul-20,WPRO,1558
03-Jul-20,AFRO,11364
03-Jul-20,AMRO,129585
03-Jul-20,EMRO,18973
03-Jul-20,EURO,19787
03-Jul-20,Other,0
03-Jul-20,SEARO,26075
03-Jul-20,WPRO,837
04-Jul-20,AFRO,12619
04-Jul-20,AMRO,132049
04-Jul-20,EMRO,19129
04-Jul-20,EURO,19095
04-Jul-20,Other,0
04-Jul-20,SEARO,27780
04-Jul-20,WPRO,2251
05-Jul-20,AFRO,14251
05-Jul-20,AMRO,126879
05-Jul-20,EMRO,18513
05-Jul-20,EURO,19358
05-Jul-20,Other,0
05-Jul-20,SEARO,29530
05-Jul-20,WPRO,2121
06-Jul-20,AFRO,13262
06-Jul-20,AMRO,116576
06-Jul-20,EMRO,17551
06-Jul-20,EURO,17162
06-Jul-20,Other,0
06-Jul-20,SEARO,28870
06-Jul-20,WPRO,2969
07-Jul-20,AFRO,12635
07-Jul-20,AMRO,94005
07-Jul-20,EMRO,16903
07-Jul-20,EURO,17925
07-Jul-20,Other,0
07-Jul-20,SEARO,26765
07-Jul-20,WPRO,2708
08-Jul-20,AFRO,15379
08-Jul-20,AMRO,94296
08-Jul-20,EMRO,17017
08-Jul-20,EURO,19679
08-Jul-20,Other,0
08-Jul-20,SEARO,28381
08-Jul-20,WPRO,2105
09-Jul-20,AFRO,12802
09-Jul-20,AMRO,124021
09-Jul-20,EMRO,17451
09-Jul-20,EURO,20866
09-Jul-20,Other,0
09-Jul-20,SEARO,31109
09-Jul-20,WPRO,3083
10-Jul-20,AFRO,17307
10-Jul-20,AMRO,140888
10-Jul-20,EMRO,16661
10-Jul-20,EURO,20979
10-Jul-20,Other,0
10-Jul-20,SEARO,31555
10-Jul-20,WPRO,2107
11-Jul-20,AFRO,15361
11-Jul-20,AMRO,133620
11-Jul-20,EMRO,17075
11-Jul-20,EURO,20951
11-Jul-20,Other,0
11-Jul-20,SEARO,31663
11-Jul-20,WPRO,2147
12-Jul-20,AFRO,17884
12-Jul-20,AMRO,145801
12-Jul-20,EMRO,15459
12-Jul-20,EURO,21320
12-Jul-20,Other,0
12-Jul-20,SEARO,33243
12-Jul-20,WPRO,2146
13-Jul-20,AFRO,16279
13-Jul-20,AMRO,128315
13-Jul-20,EMRO,15338
13-Jul-20,EURO,19212
13-Jul-20,Other,0
13-Jul-20,SEARO,33294
13-Jul-20,WPRO,3041
14-Jul-20,AFRO,15085
14-Jul-20,AMRO,110509
14-Jul-20,EMRO,15606
14-Jul-20,EURO,19551
14-Jul-20,Other,0
14-Jul-20,SEARO,33434
14-Jul-20,WPRO,1614
15-Jul-20,AFRO,13464
15-Jul-20,AMRO,105649
15-Jul-20,EMRO,14790
15-Jul-20,EURO,21527
15-Jul-20,Other,0
15-Jul-20,SEARO,34644
15-Jul-20,WPRO,1571
16-Jul-20,AFRO,17279
16-Jul-20,AMRO,132232
16-Jul-20,EMRO,14810
16-Jul-20,EURO,23140
16-Jul-20,Other,0
16-Jul-20,SEARO,37258
16-Jul-20,WPRO,2382
17-Jul-20,AFRO,19719
17-Jul-20,AMRO,141555
17-Jul-20,EMRO,15090
17-Jul-20,EURO,22729
17-Jul-20,Other,0
17-Jul-20,SEARO,39581
17-Jul-20,WPRO,3603
18-Jul-20,AFRO,18344
18-Jul-20,AMRO,152688
18-Jul-20,EMRO,13812
18-Jul-20,EURO,21682
18-Jul-20,Other,0
18-Jul-20,SEARO,39434
18-Jul-20,WPRO,3345
19-Jul-20,AFRO,17625
19-Jul-20,AMRO,146547
19-Jul-20,EMRO,13726
19-Jul-20,EURO,21488
19-Jul-20,Other,0
19-Jul-20,SEARO,43218
19-Jul-20,WPRO,3338
20-Jul-20,AFRO,18132
20-Jul-20,AMRO,130617
20-Jul-20,EMRO,12773
20-Jul-20,EURO,20231
20-Jul-20,Other,0
20-Jul-20,SEARO,45273
20-Jul-20,WPRO,3414
21-Jul-20,AFRO,13962
21-Jul-20,AMRO,115707
21-Jul-20,EMRO,13250
21-Jul-20,EURO,20740
21-Jul-20,Other,0
21-Jul-20,SEARO,42062
21-Jul-20,WPRO,2619
22-Jul-20,AFRO,12666
22-Jul-20,AMRO,110613
22-Jul-20,EMRO,13915
22-Jul-20,EURO,22553
22-Jul-20,Other,0
22-Jul-20,SEARO,42539
22-Jul-20,WPRO,3489
23-Jul-20,AFRO,18535
23-Jul-20,AMRO,138681
23-Jul-20,EMRO,14628
23-Jul-20,EURO,24261
23-Jul-20,Other,0
23-Jul-20,SEARO,50655
23-Jul-20,WPRO,3156
24-Jul-20,AFRO,16962
24-Jul-20,AMRO,173695
24-Jul-20,EMRO,13270
24-Jul-20,EURO,23888
24-Jul-20,Other,0
24-Jul-20,SEARO,53831
24-Jul-20,WPRO,4046
25-Jul-20,AFRO,20614
25-Jul-20,AMRO,169688
25-Jul-20,EMRO,14018
25-Jul-20,EURO,22915
25-Jul-20,Other,0
25-Jul-20,SEARO,53502
25-Jul-20,WPRO,3748
26-Jul-20,AFRO,16245
26-Jul-20,AMRO,166358
26-Jul-20,EMRO,13605
26-Jul-20,EURO,22906
26-Jul-20,Other,0
26-Jul-20,SEARO,52633
26-Jul-20,WPRO,3703
27-Jul-20,AFRO,16713
27-Jul-20,AMRO,147462
27-Jul-20,EMRO,12486
27-Jul-20,EURO,21269
27-Jul-20,Other,0
27-Jul-20,SEARO,54465
27-Jul-20,WPRO,3839
28-Jul-20,AFRO,13185
28-Jul-20,AMRO,115358
28-Jul-20,EMRO,12392
28-Jul-20,EURO,21868
28-Jul-20,Other,0
28-Jul-20,SEARO,52866
28-Jul-20,WPRO,3862
29-Jul-20,AFRO,12239
29-Jul-20,AMRO,111440
29-Jul-20,EMRO,13127
29-Jul-20,EURO,30663
29-Jul-20,Other,0
29-Jul-20,SEARO,54179
29-Jul-20,WPRO,3665
30-Jul-20,AFRO,16046
30-Jul-20,AMRO,139010
30-Jul-20,EMRO,13222
30-Jul-20,EURO,32410
30-Jul-20,Other,0
30-Jul-20,SEARO,57160
30-Jul-20,WPRO,3781
31-Jul-20,AFRO,16031
31-Jul-20,AMRO,170229
31-Jul-20,EMRO,12618
31-Jul-20,EURO,31792
31-Jul-20,Other,0
31-Jul-20,SEARO,60195
31-Jul-20,WPRO,6575
01-Aug-20,AFRO,18027
01-Aug-20,AMRO,167367
01-Aug-20,EMRO,12175
01-Aug-20,EURO,35137
01-Aug-20,Other,0
01-Aug-20,SEARO,61350
01-Aug-20,WPRO,6719
02-Aug-20,AFRO,14344
02-Aug-20,AMRO,161262
02-Aug-20,EMRO,9616
02-Aug-20,EURO,31565
02-Aug-20,Other,0
02-Aug-20,SEARO,57615
02-Aug-20,WPRO,6695
03-Aug-20,AFRO,13204
03-Aug-20,AMRO,145693
03-Aug-20,EMRO,9372
03-Aug-20,EURO,30208
03-Aug-20,Other,0
03-Aug-20,SEARO,56564
03-Aug-20,WPRO,8153
04-Aug-20,AFRO,9276
04-Aug-20,AMRO,115398
04-Aug-20,EMRO,10314
04-Aug-20,EURO,30322
04-Aug-20,Other,0
04-Aug-20,SEARO,56312
04-Aug-20,WPRO,5218
05-Aug-20,AFRO,8875
05-Aug-20,AMRO,95228
05-Aug-20,EMRO,11072
05-Aug-20,EURO,33596
05-Aug-20,Other,0
05-Aug-20,SEARO,57521
05-Aug-20,WPRO,8336
06-Aug-20,AFRO,13906
06-Aug-20,AMRO,141612
06-Aug-20,EMRO,12271
06-Aug-20,EURO,36207
06-Aug-20,Other,0
06-Aug-20,SEARO,61592
06-Aug-20,WPRO,6422
07-Aug-20,AFRO,12454
07-Aug-20,AMRO,152910
07-Aug-20,EMRO,12364
07-Aug-20,EURO,34962
07-Aug-20,Other,0
07-Aug-20,SEARO,68432
07-Aug-20,WPRO,5967
08-Aug-20,AFRO,11994
08-Aug-20,AMRO,154833
08-Aug-20,EMRO,12630
08-Aug-20,EURO,34140
08-Aug-20,Other,0
08-Aug-20,SEARO,66937
08-Aug-20,WPRO,5836
09-Aug-20,AFRO,12489
09-Aug-20,AMRO,154892
09-Aug-20,EMRO,11702
09-Aug-20,EURO,34593
09-Aug-20,Other,0
09-Aug-20,SEARO,69311
09-Aug-20,WPRO,6209
10-Aug-20,AFRO,10706
10-Aug-20,AMRO,143656
10-Aug-20,EMRO,10821
10-Aug-20,EURO,30548
10-Aug-20,Other,0
10-Aug-20,SEARO,67112
10-Aug-20,WPRO,5097
11-Aug-20,AFRO,7553
11-Aug-20,AMRO,105603
11-Aug-20,EMRO,11675
11-Aug-20,EURO,32427
11-Aug-20,Other,0
11-Aug-20,SEARO,59024
11-Aug-20,WPRO,8264
12-Aug-20,AFRO,6325
12-Aug-20,AMRO,101992
12-Aug-20,EMRO,12724
12-Aug-20,EURO,35766
12-Aug-20,Other,0
12-Aug-20,SEARO,66544
12-Aug-20,WPRO,4623
13-Aug-20,AFRO,7070
13-Aug-20,AMRO,154007
13-Aug-20,EMRO,13273
13-Aug-20,EURO,39448
13-Aug-20,Other,0
13-Aug-20,SEARO,72384
13-Aug-20,WPRO,5891
14-Aug-20,AFRO,8653
14-Aug-20,AMRO,157880
14-Aug-20,EMRO,13309
14-Aug-20,EURO,36907
14-Aug-20,Other,0
14-Aug-20,SEARO,70327
14-Aug-20,WPRO,5618
15-Aug-20,AFRO,10765
15-Aug-20,AMRO,161959
15-Aug-20,EMRO,13500
15-Aug-20,EURO,36503
15-Aug-20,Other,0
15-Aug-20,SEARO,70577
15-Aug-20,WPRO,8289
16-Aug-20,AFRO,9152
16-Aug-20,AMRO,148593
16-Aug-20,EMRO,13769
16-Aug-20,EURO,39731
16-Aug-20,Other,0
16-Aug-20,SEARO,68352
16-Aug-20,WPRO,6283
17-Aug-20,AFRO,7874
17-Aug-20,AMRO,140393
17-Aug-20,EMRO,12916
17-Aug-20,EURO,33585
17-Aug-20,Other,0
17-Aug-20,SEARO,63110
17-Aug-20,WPRO,4924
18-Aug-20,AFRO,6967
18-Aug-20,AMRO,105542
18-Aug-20,EMRO,11887
18-Aug-20,EURO,33963
18-Aug-20,Other,0
18-Aug-20,SEARO,61154
18-Aug-20,WPRO,5055
19-Aug-20,AFRO,6297
19-Aug-20,AMRO,89760
19-Aug-20,EMRO,14080
19-Aug-20,EURO,38503
19-Aug-20,Other,0
19-Aug-20,SEARO,70014
19-Aug-20,WPRO,6329
20-Aug-20,AFRO,9199
20-Aug-20,AMRO,132058
20-Aug-20,EMRO,13909
20-Aug-20,EURO,43219
20-Aug-20,Other,0
20-Aug-20,SEARO,75666
20-Aug-20,WPRO,6225
21-Aug-20,AFRO,8589
21-Aug-20,AMRO,140512
21-Aug-20,EMRO,13170
21-Aug-20,EURO,40617
21-Aug-20,Other,0
21-Aug-20,SEARO,74561
21-Aug-20,WPRO,6391
22-Aug-20,AFRO,7626
22-Aug-20,AMRO,137204
22-Aug-20,EMRO,13469
22-Aug-20,EURO,39953
22-Aug-20,Other,0
22-Aug-20,SEARO,75013
22-Aug-20,WPRO,6151
23-Aug-20,AFRO,8613
23-Aug-20,AMRO,118542
23-Aug-20,EMRO,12758
23-Aug-20,EURO,43976
23-Aug-20,Other,0
23-Aug-20,SEARO,74207
23-Aug-20,WPRO,6621
24-Aug-20,AFRO,7501
24-Aug-20,AMRO,138030
24-Aug-20,EMRO,11853
24-Aug-20,EURO,38286
24-Aug-20,Other,0
24-Aug-20,SEARO,66673
24-Aug-20,WPRO,3818
25-Aug-20,AFRO,6115
25-Aug-20,AMRO,95861
25-Aug-20,EMRO,12290
25-Aug-20,EURO,37969
25-Aug-20,Other,0
25-Aug-20,SEARO,66980
25-Aug-20,WPRO,5835
26-Aug-20,AFRO,5367
26-Aug-20,AMRO,91454
26-Aug-20,EMRO,12950
26-Aug-20,EURO,41896
26-Aug-20,Other,0
26-Aug-20,SEARO,73176
26-Aug-20,WPRO,4252
27-Aug-20,AFRO,6739
27-Aug-20,AMRO,127699
27-Aug-20,EMRO,12853
27-Aug-20,EURO,48149
27-Aug-20,Other,0
27-Aug-20,SEARO,82160
27-Aug-20,WPRO,6953
28-Aug-20,AFRO,3686
28-Aug-20,AMRO,135639
28-Aug-20,EMRO,12728
28-Aug-20,EURO,44349
28-Aug-20,Other,0
28-Aug-20,SEARO,83600
28-Aug-20,WPRO,4882
29-Aug-20,AFRO,8631
29-Aug-20,AMRO,137177
29-Aug-20,EMRO,12881
29-Aug-20,EURO,42082
29-Aug-20,Other,0
29-Aug-20,SEARO,83028
29-Aug-20,WPRO,5508
30-Aug-20,AFRO,6095
30-Aug-20,AMRO,133973
30-Aug-20,EMRO,12117
30-Aug-20,EURO,49418
30-Aug-20,Other,0
30-Aug-20,SEARO,84914
30-Aug-20,WPRO,5019
31-Aug-20,AFRO,6411
31-Aug-20,AMRO,126910
31-Aug-20,EMRO,11811
31-Aug-20,EURO,42530
31-Aug-20,Other,0
31-Aug-20,SEARO,84611
31-Aug-20,WPRO,5395
01-Sep-20,AFRO,5196
01-Sep-20,AMRO,86276
01-Sep-20,EMRO,12148
01-Sep-20,EURO,41318
01-Sep-20,Other,0
01-Sep-20,SEARO,76001
01-Sep-20,WPRO,4420
02-Sep-20,AFRO,5342
02-Sep-20,AMRO,115107
02-Sep-20,EMRO,11913
02-Sep-20,EURO,47122
02-Sep-20,Other,0
02-Sep-20,SEARO,85364
02-Sep-20,WPRO,4550
03-Sep-20,AFRO,5444
03-Sep-20,AMRO,128716
03-Sep-20,EMRO,13309
03-Sep-20,EURO,53353
03-Sep-20,Other,0
03-Sep-20,SEARO,91107
03-Sep-20,WPRO,3215
04-Sep-20,AFRO,5952
04-Sep-20,AMRO,131518
04-Sep-20,EMRO,14587
04-Sep-20,EURO,49334
04-Sep-20,Other,0
04-Sep-20,SEARO,90062
04-Sep-20,WPRO,3196
05-Sep-20,AFRO,5804
05-Sep-20,AMRO,132868
05-Sep-20,EMRO,15354
05-Sep-20,EURO,46991
05-Sep-20,Other,0
05-Sep-20,SEARO,92809
05-Sep-20,WPRO,4688
06-Sep-20,AFRO,4490
06-Sep-20,AMRO,145220
06-Sep-20,EMRO,13979
06-Sep-20,EURO,57888
06-Sep-20,Other,0
06-Sep-20,SEARO,96922
06-Sep-20,WPRO,3417
07-Sep-20,AFRO,5052
07-Sep-20,AMRO,103550
07-Sep-20,EMRO,14587
07-Sep-20,EURO,50979
07-Sep-20,Other,0
07-Sep-20,SEARO,96995
07-Sep-20,WPRO,3558
08-Sep-20,AFRO,3945
08-Sep-20,AMRO,83432
08-Sep-20,EMRO,13851
08-Sep-20,EURO,49985
08-Sep-20,Other,0
08-Sep-20,SEARO,81888
08-Sep-20,WPRO,2068
09-Sep-20,AFRO,4582
09-Sep-20,AMRO,64650
09-Sep-20,EMRO,15978
09-Sep-20,EURO,55585
09-Sep-20,Other,0
09-Sep-20,SEARO,96219
09-Sep-20,WPRO,4243
10-Sep-20,AFRO,4887
10-Sep-20,AMRO,82638
10-Sep-20,EMRO,15156
10-Sep-20,EURO,62401
10-Sep-20,Other,0
10-Sep-20,SEARO,103021
10-Sep-20,WPRO,4084
11-Sep-20,AFRO,5301
11-Sep-20,AMRO,112830
11-Sep-20,EMRO,16100
11-Sep-20,EURO,57386
11-Sep-20,Other,0
11-Sep-20,SEARO,103904
11-Sep-20,WPRO,5004
12-Sep-20,AFRO,4761
12-Sep-20,AMRO,120109
12-Sep-20,EMRO,14829
12-Sep-20,EURO,55272
12-Sep-20,Other,0
12-Sep-20,SEARO,104285
12-Sep-20,WPRO,5172
13-Sep-20,AFRO,4641
13-Sep-20,AMRO,131761
13-Sep-20,EMRO,15266
13-Sep-20,EURO,65735
13-Sep-20,Other,0
13-Sep-20,SEARO,101028
13-Sep-20,WPRO,5990
14-Sep-20,AFRO,3320
14-Sep-20,AMRO,117499
14-Sep-20,EMRO,15672
14-Sep-20,EURO,57804
14-Sep-20,Other,0
14-Sep-20,SEARO,98558
14-Sep-20,WPRO,4085
15-Sep-20,AFRO,3632
15-Sep-20,AMRO,83910
15-Sep-20,EMRO,15078
15-Sep-20,EURO,58987
15-Sep-20,Other,0
15-Sep-20,SEARO,90702
15-Sep-20,WPRO,5308
16-Sep-20,AFRO,3891
16-Sep-20,AMRO,82641
16-Sep-20,EMRO,16611
16-Sep-20,EURO,64709
16-Sep-20,Other,0
16-Sep-20,SEARO,97686
16-Sep-20,WPRO,4342
17-Sep-20,AFRO,4318
17-Sep-20,AMRO,110310
17-Sep-20,EMRO,16769
17-Sep-20,EURO,73698
17-Sep-20,Other,0
17-Sep-20,SEARO,104704
17-Sep-20,WPRO,4483
18-Sep-20,AFRO,4753
18-Sep-20,AMRO,121203
18-Sep-20,EMRO,17477
18-Sep-20,EURO,68070
18-Sep-20,Other,0
18-Sep-20,SEARO,104373
18-Sep-20,WPRO,4153
19-Sep-20,AFRO,4809
19-Sep-20,AMRO,119978
19-Sep-20,EMRO,16480
19-Sep-20,EURO,63194
19-Sep-20,Other,0
19-Sep-20,SEARO,100685
19-Sep-20,WPRO,4197
20-Sep-20,AFRO,4353
20-Sep-20,AMRO,132047
20-Sep-20,EMRO,16386
20-Sep-20,EURO,76173
20-Sep-20,Other,0
20-Sep-20,SEARO,100192
20-Sep-20,WPRO,4756
21-Sep-20,AFRO,4243
21-Sep-20,AMRO,113860
21-Sep-20,EMRO,16674
21-Sep-20,EURO,63199
21-Sep-20,Other,0
21-Sep-20,SEARO,94596
21-Sep-20,WPRO,3993
22-Sep-20,AFRO,3182
22-Sep-20,AMRO,83407
22-Sep-20,EMRO,14758
22-Sep-20,EURO,66655
22-Sep-20,Other,0
22-Sep-20,SEARO,82800
22-Sep-20,WPRO,3994
23-Sep-20,AFRO,4073
23-Sep-20,AMRO,85252
23-Sep-20,EMRO,19062
23-Sep-20,EURO,70735
23-Sep-20,Other,0
23-Sep-20,SEARO,91420
23-Sep-20,WPRO,2244
24-Sep-20,AFRO,4317
24-Sep-20,AMRO,121031
24-Sep-20,EMRO,18989
24-Sep-20,EURO,80948
24-Sep-20,Other,0
24-Sep-20,SEARO,94913
24-Sep-20,WPRO,3559
25-Sep-20,AFRO,4113
25-Sep-20,AMRO,116275
25-Sep-20,EMRO,18945
25-Sep-20,EURO,75800
25-Sep-20,Other,0
25-Sep-20,SEARO,94349
25-Sep-20,WPRO,2860
26-Sep-20,AFRO,4099
26-Sep-20,AMRO,121769
26-Sep-20,EMRO,17625
26-Sep-20,EURO,71999
26-Sep-20,Other,0
26-Sep-20,SEARO,92812
26-Sep-20,WPRO,3518
27-Sep-20,AFRO,2918
27-Sep-20,AMRO,126027
27-Sep-20,EMRO,18172
27-Sep-20,EURO,77755
27-Sep-20,Other,0
27-Sep-20,SEARO,96268
27-Sep-20,WPRO,2822
28-Sep-20,AFRO,3470
28-Sep-20,AMRO,111823
28-Sep-20,EMRO,16880
28-Sep-20,EURO,65742
28-Sep-20,Other,0
28-Sep-20,SEARO,89272
28-Sep-20,WPRO,3699
29-Sep-20,AFRO,3340
29-Sep-20,AMRO,83595
29-Sep-20,EMRO,17100
29-Sep-20,EURO,71608
29-Sep-20,Other,0
29-Sep-20,SEARO,78552
29-Sep-20,WPRO,3664
30-Sep-20,AFRO,3775
30-Sep-20,AMRO,84764
30-Sep-20,EMRO,18732
30-Sep-20,EURO,84827
30-Sep-20,Other,0
30-Sep-20,SEARO,88654
30-Sep-20,WPRO,3009
01-Oct-20,AFRO,4342
01-Oct-20,AMRO,109829
01-Oct-20,EMRO,19735
01-Oct-20,EURO,94386
01-Oct-20,Other,0
01-Oct-20,SEARO,95432
01-Oct-20,WPRO,3353
02-Oct-20,AFRO,4054
02-Oct-20,AMRO,119774
02-Oct-20,EMRO,19150
02-Oct-20,EURO,91598
02-Oct-20,Other,0
02-Oct-20,SEARO,90986
02-Oct-20,WPRO,3507
03-Oct-20,AFRO,4322
03-Oct-20,AMRO,123701
03-Oct-20,EMRO,17073
03-Oct-20,EURO,83674
03-Oct-20,Other,0
03-Oct-20,SEARO,88009
03-Oct-20,WPRO,3793
04-Oct-20,AFRO,3777
04-Oct-20,AMRO,124581
04-Oct-20,EMRO,19447
04-Oct-20,EURO,102442
04-Oct-20,Other,0
04-Oct-20,SEARO,84266
04-Oct-20,WPRO,3726
05-Oct-20,AFRO,4510
05-Oct-20,AMRO,109343
05-Oct-20,EMRO,18065
05-Oct-20,EURO,87887
05-Oct-20,Other,0
05-Oct-20,SEARO,83391
05-Oct-20,WPRO,3986
06-Oct-20,AFRO,2832
06-Oct-20,AMRO,76107
06-Oct-20,EMRO,19750
06-Oct-20,EURO,101401
06-Oct-20,Other,0
06-Oct-20,SEARO,70164
06-Oct-20,WPRO,3453
07-Oct-20,AFRO,2566
07-Oct-20,AMRO,88433
07-Oct-20,EMRO,19714
07-Oct-20,EURO,112649
07-Oct-20,Other,0
07-Oct-20,SEARO,83059
07-Oct-20,WPRO,3495
08-Oct-20,AFRO,3066
08-Oct-20,AMRO,125195
08-Oct-20,EMRO,21357
08-Oct-20,EURO,126729
08-Oct-20,Other,0
08-Oct-20,SEARO,90701
08-Oct-20,WPRO,4087
09-Oct-20,AFRO,6386
09-Oct-20,AMRO,129431
09-Oct-20,EMRO,19519
09-Oct-20,EURO,121636
09-Oct-20,Other,0
09-Oct-20,SEARO,79048
09-Oct-20,WPRO,3430
10-Oct-20,AFRO,4174
10-Oct-20,AMRO,151421
10-Oct-20,EMRO,21034
10-Oct-20,EURO,120373
10-Oct-20,Other,0
10-Oct-20,SEARO,85400
10-Oct-20,WPRO,4285
11-Oct-20,AFRO,4763
11-Oct-20,AMRO,131884
11-Oct-20,EMRO,18569
11-Oct-20,EURO,139541
11-Oct-20,Other,0
11-Oct-20,SEARO,84467
11-Oct-20,WPRO,3394
12-Oct-20,AFRO,4089
12-Oct-20,AMRO,115702
12-Oct-20,EMRO,16977
12-Oct-20,EURO,119468
12-Oct-20,Other,0
12-Oct-20,SEARO,77574
12-Oct-20,WPRO,3594
13-Oct-20,AFRO,5280
13-Oct-20,AMRO,94584
13-Oct-20,EMRO,18859
13-Oct-20,EURO,129247
13-Oct-20,Other,0
13-Oct-20,SEARO,65931
13-Oct-20,WPRO,5116
14-Oct-20,AFRO,3595
14-Oct-20,AMRO,87030
14-Oct-20,EMRO,20555
14-Oct-20,EURO,152345
14-Oct-20,Other,0
14-Oct-20,SEARO,73292
14-Oct-20,WPRO,3269
15-Oct-20,AFRO,4521
15-Oct-20,AMRO,99269
15-Oct-20,EMRO,21668
15-Oct-20,EURO,168097
15-Oct-20,Other,0
15-Oct-20,SEARO,78496
15-Oct-20,WPRO,3612
16-Oct-20,AFRO,4794
16-Oct-20,AMRO,124138
16-Oct-20,EMRO,21489
16-Oct-20,EURO,163522
16-Oct-20,Other,0
16-Oct-20,SEARO,74772
16-Oct-20,WPRO,3687
17-Oct-20,AFRO,4630
17-Oct-20,AMRO,136142
17-Oct-20,EMRO,24638
17-Oct-20,EURO,159392
17-Oct-20,Other,0
17-Oct-20,SEARO,72181
17-Oct-20,WPRO,4766
18-Oct-20,AFRO,4564
18-Oct-20,AMRO,143753
18-Oct-20,EMRO,18858
18-Oct-20,EURO,190638
18-Oct-20,Other,0
18-Oct-20,SEARO,71690
18-Oct-20,WPRO,4281
19-Oct-20,AFRO,4432
19-Oct-20,AMRO,117495
19-Oct-20,EMRO,21113
19-Oct-20,EURO,168231
19-Oct-20,Other,0
19-Oct-20,SEARO,65788
19-Oct-20,WPRO,3786
20-Oct-20,AFRO,4040
20-Oct-20,AMRO,93086
20-Oct-20,EMRO,20075
20-Oct-20,EURO,182354
20-Oct-20,Other,0
20-Oct-20,SEARO,56282
20-Oct-20,WPRO,4878
21-Oct-20,AFRO,3935
21-Oct-20,AMRO,111219
21-Oct-20,EMRO,21229
21-Oct-20,EURO,223536
21-Oct-20,Other,0
21-Oct-20,SEARO,67168
21-Oct-20,WPRO,3184
22-Oct-20,AFRO,4712
22-Oct-20,AMRO,132199
22-Oct-20,EMRO,24082
22-Oct-20,EURO,251267
22-Oct-20,Other,0
22-Oct-20,SEARO,67110
22-Oct-20,WPRO,3622
23-Oct-20,AFRO,5318
23-Oct-20,AMRO,134887
23-Oct-20,EMRO,25667
23-Oct-20,EURO,232979
23-Oct-20,Other,0
23-Oct-20,SEARO,67043
23-Oct-20,WPRO,3436
24-Oct-20,AFRO,5144
24-Oct-20,AMRO,146534
24-Oct-20,EMRO,24908
24-Oct-20,EURO,223551
24-Oct-20,Other,0
24-Oct-20,SEARO,62518
24-Oct-20,WPRO,4224
25-Oct-20,AFRO,4542
25-Oct-20,AMRO,159709
25-Oct-20,EMRO,24086
25-Oct-20,EURO,268322
25-Oct-20,Other,0
25-Oct-20,SEARO,59892
25-Oct-20,WPRO,4138
26-Oct-20,AFRO,4226
26-Oct-20,AMRO,147779
26-Oct-20,EMRO,22794
26-Oct-20,EURO,226797
26-Oct-20,Other,0
26-Oct-20,SEARO,53111
26-Oct-20,WPRO,3812
27-Oct-20,AFRO,2774
27-Oct-20,AMRO,109244
27-Oct-20,EMRO,22463
27-Oct-20,EURO,237827
27-Oct-20,Other,0
27-Oct-20,SEARO,43816
27-Oct-20,WPRO,4147
28-Oct-20,AFRO,4685
28-Oct-20,AMRO,121710
28-Oct-20,EMRO,27045
28-Oct-20,EURO,287609
28-Oct-20,Other,0
28-Oct-20,SEARO,53210
28-Oct-20,WPRO,3209
29-Oct-20,AFRO,5041
29-Oct-20,AMRO,146988
29-Oct-20,EMRO,26059
29-Oct-20,EURO,295603
29-Oct-20,Other,0
29-Oct-20,SEARO,59513
29-Oct-20,WPRO,4611
30-Oct-20,AFRO,5856
30-Oct-20,AMRO,155769
30-Oct-20,EMRO,31201
30-Oct-20,EURO,277167
30-Oct-20,Other,0
30-Oct-20,SEARO,58669
30-Oct-20,WPRO,3410
31-Oct-20,AFRO,5382
31-Oct-20,AMRO,162266
31-Oct-20,EMRO,27086
31-Oct-20,EURO,265713
31-Oct-20,Other,0
31-Oct-20,SEARO,56594
31-Oct-20,WPRO,3842
01-Nov-20,AFRO,4979
01-Nov-20,AMRO,165743
01-Nov-20,EMRO,24517
01-Nov-20,EURO,308399
01-Nov-20,Other,0
01-Nov-20,SEARO,55705
01-Nov-20,WPRO,3444
02-Nov-20,AFRO,4020
02-Nov-20,AMRO,146622
02-Nov-20,EMRO,26080
02-Nov-20,EURO,249738
02-Nov-20,Other,0
02-Nov-20,SEARO,53536
02-Nov-20,WPRO,4164
03-Nov-20,AFRO,3693
03-Nov-20,AMRO,180094
03-Nov-20,EMRO,28770
03-Nov-20,EURO,249248
03-Nov-20,Other,0
03-Nov-20,SEARO,47738
03-Nov-20,WPRO,5146
04-Nov-20,AFRO,3545
04-Nov-20,AMRO,133718
04-Nov-20,EMRO,30953
04-Nov-20,EURO,291120
04-Nov-20,Other,0
04-Nov-20,SEARO,56110
04-Nov-20,WPRO,4036
05-Nov-20,AFRO,5327
05-Nov-20,AMRO,147064
05-Nov-20,EMRO,32856
05-Nov-20,EURO,313324
05-Nov-20,Other,0
05-Nov-20,SEARO,60764
05-Nov-20,WPRO,3539
06-Nov-20,AFRO,6394
06-Nov-20,AMRO,171800
06-Nov-20,EMRO,31290
06-Nov-20,EURO,291539
06-Nov-20,Other,0
06-Nov-20,SEARO,57236
06-Nov-20,WPRO,4327
07-Nov-20,AFRO,6645
07-Nov-20,AMRO,186651
07-Nov-20,EMRO,33412
07-Nov-20,EURO,283616
07-Nov-20,Other,0
07-Nov-20,SEARO,60493
07-Nov-20,WPRO,5440
08-Nov-20,AFRO,4063
08-Nov-20,AMRO,161695
08-Nov-20,EMRO,30711
08-Nov-20,EURO,302687
08-Nov-20,Other,0
08-Nov-20,SEARO,55458
08-Nov-20,WPRO,4721
09-Nov-20,AFRO,4621
09-Nov-20,AMRO,189552
09-Nov-20,EMRO,30524
09-Nov-20,EURO,250532
09-Nov-20,Other,0
09-Nov-20,SEARO,54421
09-Nov-20,WPRO,4602
10-Nov-20,AFRO,6338
10-Nov-20,AMRO,147430
10-Nov-20,EMRO,30949
10-Nov-20,EURO,213569
10-Nov-20,Other,0
10-Nov-20,SEARO,47345
10-Nov-20,WPRO,5000
11-Nov-20,AFRO,5399
11-Nov-20,AMRO,169133
11-Nov-20,EMRO,35146
11-Nov-20,EURO,289736
11-Nov-20,Other,0
11-Nov-20,SEARO,54286
11-Nov-20,WPRO,4015
12-Nov-20,AFRO,5872
12-Nov-20,AMRO,208032
12-Nov-20,EMRO,36177
12-Nov-20,EURO,290852
12-Nov-20,Other,0
12-Nov-20,SEARO,57452
12-Nov-20,WPRO,4735
13-Nov-20,AFRO,6835
13-Nov-20,AMRO,243714
13-Nov-20,EMRO,37144
13-Nov-20,EURO,286204
13-Nov-20,Other,0
13-Nov-20,SEARO,55855
13-Nov-20,WPRO,4452
14-Nov-20,AFRO,6782
14-Nov-20,AMRO,235829
14-Nov-20,EMRO,35107
14-Nov-20,EURO,276622
14-Nov-20,Other,0
14-Nov-20,SEARO,55008
14-Nov-20,WPRO,5417
15-Nov-20,AFRO,5143
15-Nov-20,AMRO,251142
15-Nov-20,EMRO,33445
15-Nov-20,EURO,278352
15-Nov-20,Other,0
15-Nov-20,SEARO,50432
15-Nov-20,WPRO,4729
16-Nov-20,AFRO,6019
16-Nov-20,AMRO,236843
16-Nov-20,EMRO,32915
16-Nov-20,EURO,226358
16-Nov-20,Other,0
16-Nov-20,SEARO,39033
16-Nov-20,WPRO,4645
17-Nov-20,AFRO,4758
17-Nov-20,AMRO,184314
17-Nov-20,EMRO,32959
17-Nov-20,EURO,226797
17-Nov-20,Other,0
17-Nov-20,SEARO,37298
17-Nov-20,WPRO,4794
18-Nov-20,AFRO,6812
18-Nov-20,AMRO,203280
18-Nov-20,EMRO,37527
18-Nov-20,EURO,252601
18-Nov-20,Other,0
18-Nov-20,SEARO,48363
18-Nov-20,WPRO,4473
19-Nov-20,AFRO,7051
19-Nov-20,AMRO,233197
19-Nov-20,EMRO,41011
19-Nov-20,EURO,272682
19-Nov-20,Other,0
19-Nov-20,SEARO,56948
19-Nov-20,WPRO,4941
20-Nov-20,AFRO,8220
20-Nov-20,AMRO,239101
20-Nov-20,EMRO,36775
20-Nov-20,EURO,273469
20-Nov-20,Other,0
20-Nov-20,SEARO,56991
20-Nov-20,WPRO,5667
21-Nov-20,AFRO,7419
21-Nov-20,AMRO,261755
21-Nov-20,EMRO,36663
21-Nov-20,EURO,262494
21-Nov-20,Other,0
21-Nov-20,SEARO,56816
21-Nov-20,WPRO,5675
22-Nov-20,AFRO,6827
22-Nov-20,AMRO,276241
22-Nov-20,EMRO,33244
22-Nov-20,EURO,256603
22-Nov-20,Other,0
22-Nov-20,SEARO,55174
22-Nov-20,WPRO,5818
23-Nov-20,AFRO,6291
23-Nov-20,AMRO,244340
23-Nov-20,EMRO,35431
23-Nov-20,EURO,203201
23-Nov-20,Other,0
23-Nov-20,SEARO,54795
23-Nov-20,WPRO,5744
24-Nov-20,AFRO,5267
24-Nov-20,AMRO,202293
24-Nov-20,EMRO,31850
24-Nov-20,EURO,201528
24-Nov-20,Other,0
24-Nov-20,SEARO,47963
24-Nov-20,WPRO,6111
25-Nov-20,AFRO,6507
25-Nov-20,AMRO,215502
25-Nov-20,EMRO,35896
25-Nov-20,EURO,248898
25-Nov-20,Other,0
25-Nov-20,SEARO,56295
25-Nov-20,WPRO,5623
26-Nov-20,AFRO,7601
26-Nov-20,AMRO,246012
26-Nov-20,EMRO,37656
26-Nov-20,EURO,253233
26-Nov-20,Other,0
26-Nov-20,SEARO,55252
26-Nov-20,WPRO,5083
27-Nov-20,AFRO,7178
27-Nov-20,AMRO,281783
27-Nov-20,EMRO,37831
27-Nov-20,EURO,269701
27-Nov-20,Other,0
27-Nov-20,SEARO,55064
27-Nov-20,WPRO,5381
28-Nov-20,AFRO,8765
28-Nov-20,AMRO,231055
28-Nov-20,EMRO,37822
28-Nov-20,EURO,260808
28-Nov-20,Other,0
28-Nov-20,SEARO,51968
28-Nov-20,WPRO,6198
29-Nov-20,AFRO,6874
29-Nov-20,AMRO,258894
29-Nov-20,EMRO,32829
29-Nov-20,EURO,249579
29-Nov-20,Other,0
29-Nov-20,SEARO,53019
29-Nov-20,WPRO,6405
30-Nov-20,AFRO,5544
30-Nov-20,AMRO,240011
30-Nov-20,EMRO,34572
30-Nov-20,EURO,202621
30-Nov-20,Other,0
30-Nov-20,SEARO,49438
30-Nov-20,WPRO,6157
01-Dec-20,AFRO,6337
01-Dec-20,AMRO,197300
01-Dec-20,EMRO,32959
01-Dec-20,EURO,200461
01-Dec-20,Other,0
01-Dec-20,SEARO,41642
01-Dec-20,WPRO,5826
02-Dec-20,AFRO,5965
02-Dec-20,AMRO,219223
02-Dec-20,EMRO,35657
02-Dec-20,EURO,232339
02-Dec-20,Other,0
02-Dec-20,SEARO,48222
02-Dec-20,WPRO,5318
03-Dec-20,AFRO,8089
03-Dec-20,AMRO,281131
03-Dec-20,EMRO,35878
03-Dec-20,EURO,259264
03-Dec-20,Other,0
03-Dec-20,SEARO,49668
03-Dec-20,WPRO,5631
04-Dec-20,AFRO,8805
04-Dec-20,AMRO,303366
04-Dec-20,EMRO,37891
04-Dec-20,EURO,263637
04-Dec-20,Other,0
04-Dec-20,SEARO,47915
04-Dec-20,WPRO,5520
05-Dec-20,AFRO,9513
05-Dec-20,AMRO,319941
05-Dec-20,EMRO,34050
05-Dec-20,EURO,258127
05-Dec-20,Other,0
05-Dec-20,SEARO,47803
05-Dec-20,WPRO,5498
06-Dec-20,AFRO,8790
06-Dec-20,AMRO,319449
06-Dec-20,EMRO,31556
06-Dec-20,EURO,254187
06-Dec-20,Other,0
06-Dec-20,SEARO,47093
06-Dec-20,WPRO,6084
07-Dec-20,AFRO,8601
07-Dec-20,AMRO,296482
07-Dec-20,EMRO,31208
07-Dec-20,EURO,204217
07-Dec-20,Other,3
07-Dec-20,SEARO,43798
07-Dec-20,WPRO,5864
08-Dec-20,AFRO,8237
08-Dec-20,AMRO,238089
08-Dec-20,EMRO,28681
08-Dec-20,EURO,203313
08-Dec-20,Other,0
08-Dec-20,SEARO,37573
08-Dec-20,WPRO,5796
09-Dec-20,AFRO,7341
09-Dec-20,AMRO,248370
09-Dec-20,EMRO,29830
09-Dec-20,EURO,242609
09-Dec-20,Other,0
09-Dec-20,SEARO,43410
09-Dec-20,WPRO,5381
10-Dec-20,AFRO,13683
10-Dec-20,AMRO,317887
10-Dec-20,EMRO,30569
10-Dec-20,EURO,260210
10-Dec-20,Other,0
10-Dec-20,SEARO,42649
10-Dec-20,WPRO,5983
11-Dec-20,AFRO,12672
11-Dec-20,AMRO,314728
11-Dec-20,EMRO,29987
11-Dec-20,EURO,273455
11-Dec-20,Other,0
11-Dec-20,SEARO,40749
11-Dec-20,WPRO,7568
12-Dec-20,AFRO,12659
12-Dec-20,AMRO,311291
12-Dec-20,EMRO,27524
12-Dec-20,EURO,265603
12-Dec-20,Other,0
12-Dec-20,SEARO,40794
12-Dec-20,WPRO,7291
13-Dec-20,AFRO,11284
13-Dec-20,AMRO,352842
13-Dec-20,EMRO,24286
13-Dec-20,EURO,261093
13-Dec-20,Other,0
13-Dec-20,SEARO,40673
13-Dec-20,WPRO,7400
14-Dec-20,AFRO,15886
14-Dec-20,AMRO,306202
14-Dec-20,EMRO,24563
14-Dec-20,EURO,216474
14-Dec-20,Other,0
14-Dec-20,SEARO,37035
14-Dec-20,WPRO,5529
15-Dec-20,AFRO,8259
15-Dec-20,AMRO,241086
15-Dec-20,EMRO,21991
15-Dec-20,EURO,217397
15-Dec-20,Other,0
15-Dec-20,SEARO,32833
15-Dec-20,WPRO,6046
16-Dec-20,AFRO,12095
16-Dec-20,AMRO,264724
16-Dec-20,EMRO,25872
16-Dec-20,EURO,271241
16-Dec-20,Other,0
16-Dec-20,SEARO,37272
16-Dec-20,WPRO,6435
17-Dec-20,AFRO,13255
17-Dec-20,AMRO,291067
17-Dec-20,EMRO,27667
17-Dec-20,EURO,288395
17-Dec-20,Other,0
17-Dec-20,SEARO,35194
17-Dec-20,WPRO,6757
18-Dec-20,AFRO,15629
18-Dec-20,AMRO,364316
18-Dec-20,EMRO,26229
18-Dec-20,EURO,288097
18-Dec-20,Other,0
18-Dec-20,SEARO,33567
18-Dec-20,WPRO,7142
19-Dec-20,AFRO,13923
19-Dec-20,AMRO,369255
19-Dec-20,EMRO,25411
19-Dec-20,EURO,270536
19-Dec-20,Other,0
19-Dec-20,SEARO,36679
19-Dec-20,WPRO,7948
20-Dec-20,AFRO,15606
20-Dec-20,AMRO,346953
20-Dec-20,EMRO,22869
20-Dec-20,EURO,259260
20-Dec-20,Other,0
20-Dec-20,SEARO,37528
20-Dec-20,WPRO,6793
21-Dec-20,AFRO,13044
21-Dec-20,AMRO,302796
21-Dec-20,EMRO,23005
21-Dec-20,EURO,206462
21-Dec-20,Other,0
21-Dec-20,SEARO,35125
21-Dec-20,WPRO,6838
22-Dec-20,AFRO,13074
22-Dec-20,AMRO,257443
22-Dec-20,EMRO,20148
22-Dec-20,EURO,222293
22-Dec-20,Other,0
22-Dec-20,SEARO,29683
22-Dec-20,WPRO,7076
23-Dec-20,AFRO,13875
23-Dec-20,AMRO,252405
23-Dec-20,EMRO,23177
23-Dec-20,EURO,263608
23-Dec-20,Other,0
23-Dec-20,SEARO,35183
23-Dec-20,WPRO,7172
24-Dec-20,AFRO,18220
24-Dec-20,AMRO,308511
24-Dec-20,EMRO,24554
24-Dec-20,EURO,277359
24-Dec-20,Other,1
24-Dec-20,SEARO,35403
24-Dec-20,WPRO,6740
25-Dec-20,AFRO,19666
25-Dec-20,AMRO,338630
25-Dec-20,EMRO,24820
25-Dec-20,EURO,258249
25-Dec-20,Other,0
25-Dec-20,SEARO,33695
25-Dec-20,WPRO,8679
26-Dec-20,AFRO,20671
26-Dec-20,AMRO,312907
26-Dec-20,EMRO,23197
26-Dec-20,EURO,198322
26-Dec-20,Other,0
26-Dec-20,SEARO,32617
26-Dec-20,WPRO,7937
27-Dec-20,AFRO,15980
27-Dec-20,AMRO,198787
27-Dec-20,EMRO,20072
27-Dec-20,EURO,166801
27-Dec-20,Other,0
27-Dec-20,SEARO,28238
27-Dec-20,WPRO,8628
28-Dec-20,AFRO,12782
28-Dec-20,AMRO,238678
28-Dec-20,EMRO,20178
28-Dec-20,EURO,184958
28-Dec-20,Other,0
28-Dec-20,SEARO,28852
28-Dec-20,WPRO,5962
29-Dec-20,AFRO,13260
29-Dec-20,AMRO,207084
29-Dec-20,EMRO,20247
29-Dec-20,EURO,219355
29-Dec-20,Other,0
29-Dec-20,SEARO,27502
29-Dec-20,WPRO,6590
30-Dec-20,AFRO,14163
30-Dec-20,AMRO,241623
30-Dec-20,EMRO,22384
30-Dec-20,EURO,261525
30-Dec-20,Other,0
30-Dec-20,SEARO,31839
30-Dec-20,WPRO,7589
31-Dec-20,AFRO,24035
31-Dec-20,AMRO,326076
31-Dec-20,EMRO,24947
31-Dec-20,EURO,316341
31-Dec-20,Other,0
31-Dec-20,SEARO,33159
31-Dec-20,WPRO,7800
01-Jan-21,AFRO,24436
01-Jan-21,AMRO,355390
01-Jan-21,EMRO,24740
01-Jan-21,EURO,307328
01-Jan-21,Other,0
01-Jan-21,SEARO,30848
01-Jan-21,WPRO,9448
02-Jan-21,AFRO,0
02-Jan-21,AMRO,355958
02-Jan-21,EMRO,22879
02-Jan-21,EURO,218859
02-Jan-21,Other,0
02-Jan-21,SEARO,28730
02-Jan-21,WPRO,8413
03-Jan-21,AFRO,41331
03-Jan-21,AMRO,247903
03-Jan-21,EMRO,20665
03-Jan-21,EURO,187114
03-Jan-21,Other,0
03-Jan-21,SEARO,27796
03-Jan-21,WPRO,7177
04-Jan-21,AFRO,16932
04-Jan-21,AMRO,335238
04-Jan-21,EMRO,22591
04-Jan-21,EURO,216000
04-Jan-21,Other,0
04-Jan-21,SEARO,26417
04-Jan-21,WPRO,6708
05-Jan-21,AFRO,17880
05-Jan-21,AMRO,263232
05-Jan-21,EMRO,20639
05-Jan-21,EURO,237524
05-Jan-21,Other,0
05-Jan-21,SEARO,27033
05-Jan-21,WPRO,7762
06-Jan-21,AFRO,20679
06-Jan-21,AMRO,252755
06-Jan-21,EMRO,23805
06-Jan-21,EURO,307364
06-Jan-21,Other,0
06-Jan-21,SEARO,29870
06-Jan-21,WPRO,8405
07-Jan-21,AFRO,30698
07-Jan-21,AMRO,356571
07-Jan-21,EMRO,25362
07-Jan-21,EURO,326432
07-Jan-21,Other,0
07-Jan-21,SEARO,32550
07-Jan-21,WPRO,10837
08-Jan-21,AFRO,28631
08-Jan-21,AMRO,387637
08-Jan-21,EMRO,27297
08-Jan-21,EURO,276124
08-Jan-21,Other,0
08-Jan-21,SEARO,31592
08-Jan-21,WPRO,12170
09-Jan-21,AFRO,30961
09-Jan-21,AMRO,442575
09-Jan-21,EMRO,26694
09-Jan-21,EURO,266092
09-Jan-21,Other,0
09-Jan-21,SEARO,30699
09-Jan-21,WPRO,13144
10-Jan-21,AFRO,28863
10-Jan-21,AMRO,442885
10-Jan-21,EMRO,26347
10-Jan-21,EURO,265029
10-Jan-21,Other,0
10-Jan-21,SEARO,31002
10-Jan-21,WPRO,12891
11-Jan-21,AFRO,27104
11-Jan-21,AMRO,376556
11-Jan-21,EMRO,24207
11-Jan-21,EURO,217288
11-Jan-21,Other,0
11-Jan-21,SEARO,27802
11-Jan-21,WPRO,10985
12-Jan-21,AFRO,25493
12-Jan-21,AMRO,306835
12-Jan-21,EMRO,23561
12-Jan-21,EURO,203417
12-Jan-21,Other,0
12-Jan-21,SEARO,25270
12-Jan-21,WPRO,10554
13-Jan-21,AFRO,21662
13-Jan-21,AMRO,285190
13-Jan-21,EMRO,26005
13-Jan-21,EURO,267017
13-Jan-21,Other,0
13-Jan-21,SEARO,30016
13-Jan-21,WPRO,10807
14-Jan-21,AFRO,27243
14-Jan-21,AMRO,357215
14-Jan-21,EMRO,27966
14-Jan-21,EURO,283232
14-Jan-21,Other,0
14-Jan-21,SEARO,31314
14-Jan-21,WPRO,10629
15-Jan-21,AFRO,28519
15-Jan-21,AMRO,360337
15-Jan-21,EMRO,27889
15-Jan-21,EURO,261737
15-Jan-21,Other,0
15-Jan-21,SEARO,30889
15-Jan-21,WPRO,12745
16-Jan-21,AFRO,22015
16-Jan-21,AMRO,372067
16-Jan-21,EMRO,29212
16-Jan-21,EURO,236026
16-Jan-21,Other,0
16-Jan-21,SEARO,31733
16-Jan-21,WPRO,12818
17-Jan-21,AFRO,25216
17-Jan-21,AMRO,406396
17-Jan-21,EMRO,25077
17-Jan-21,EURO,245142
17-Jan-21,Other,0
17-Jan-21,SEARO,28889
17-Jan-21,WPRO,13241
18-Jan-21,AFRO,22020
18-Jan-21,AMRO,352958
18-Jan-21,EMRO,25315
18-Jan-21,EURO,184728
18-Jan-21,Other,0
18-Jan-21,SEARO,25497
18-Jan-21,WPRO,11849
19-Jan-21,AFRO,18841
19-Jan-21,AMRO,278833
19-Jan-21,EMRO,22347
19-Jan-21,EURO,180358
19-Jan-21,Other,0
19-Jan-21,SEARO,22823
19-Jan-21,WPRO,12220
20-Jan-21,AFRO,19046
20-Jan-21,AMRO,231498
20-Jan-21,EMRO,25063
20-Jan-21,EURO,233268
20-Jan-21,Other,0
20-Jan-21,SEARO,28754
20-Jan-21,WPRO,11085
21-Jan-21,AFRO,22223
21-Jan-21,AMRO,285375
21-Jan-21,EMRO,26222
21-Jan-21,EURO,253724
21-Jan-21,Other,0
21-Jan-21,SEARO,29374
21-Jan-21,WPRO,12144
22-Jan-21,AFRO,21574
22-Jan-21,AMRO,334364
22-Jan-21,EMRO,25645
22-Jan-21,EURO,233220
22-Jan-21,Other,0
22-Jan-21,SEARO,30684
22-Jan-21,WPRO,11366
23-Jan-21,AFRO,21111
23-Jan-21,AMRO,326289
23-Jan-21,EMRO,23386
23-Jan-21,EURO,208750
23-Jan-21,Other,0
23-Jan-21,SEARO,28613
23-Jan-21,WPRO,11550
24-Jan-21,AFRO,24138
24-Jan-21,AMRO,322096
24-Jan-21,EMRO,22792
24-Jan-21,EURO,222446
24-Jan-21,Other,0
24-Jan-21,SEARO,29009
24-Jan-21,WPRO,11253
25-Jan-21,AFRO,15646
25-Jan-21,AMRO,305675
25-Jan-21,EMRO,22828
25-Jan-21,EURO,165664
25-Jan-21,Other,0
25-Jan-21,SEARO,25555
25-Jan-21,WPRO,10165
26-Jan-21,AFRO,13472
26-Jan-21,AMRO,219646
26-Jan-21,EMRO,21142
26-Jan-21,EURO,152320
26-Jan-21,Other,0
26-Jan-21,SEARO,25284
26-Jan-21,WPRO,8399
27-Jan-21,AFRO,15661
27-Jan-21,AMRO,212901
27-Jan-21,EMRO,24126
27-Jan-21,EURO,207470
27-Jan-21,Other,0
27-Jan-21,SEARO,27617
27-Jan-21,WPRO,9090
28-Jan-21,AFRO,16654
28-Jan-21,AMRO,277558
28-Jan-21,EMRO,24371
28-Jan-21,EURO,231623
28-Jan-21,Other,0
28-Jan-21,SEARO,28188
28-Jan-21,WPRO,10553
29-Jan-21,AFRO,16279
29-Jan-21,AMRO,292050
29-Jan-21,EMRO,24559
29-Jan-21,EURO,210461
29-Jan-21,Other,0
29-Jan-21,SEARO,35412
29-Jan-21,WPRO,9938
30-Jan-21,AFRO,15625
30-Jan-21,AMRO,285228
30-Jan-21,EMRO,23581
30-Jan-21,EURO,183837
30-Jan-21,Other,0
30-Jan-21,SEARO,30323
30-Jan-21,WPRO,11872
31-Jan-21,AFRO,15054
31-Jan-21,AMRO,276301
31-Jan-21,EMRO,21336
31-Jan-21,EURO,195853
31-Jan-21,Other,0
31-Jan-21,SEARO,27607
31-Jan-21,WPRO,12125
01-Feb-21,AFRO,12108
01-Feb-21,AMRO,274472
01-Feb-21,EMRO,21052
01-Feb-21,EURO,151503
01-Feb-21,Other,0
01-Feb-21,SEARO,25109
01-Feb-21,WPRO,10702
02-Feb-21,AFRO,10108
02-Feb-21,AMRO,179518
02-Feb-21,EMRO,20601
02-Feb-21,EURO,140358
02-Feb-21,Other,0
02-Feb-21,SEARO,21675
02-Feb-21,WPRO,8547
03-Feb-21,AFRO,11008
03-Feb-21,AMRO,193682
03-Feb-21,EMRO,23070
03-Feb-21,EURO,174694
03-Feb-21,Other,0
03-Feb-21,SEARO,25495
03-Feb-21,WPRO,7874
04-Feb-21,AFRO,13194
04-Feb-21,AMRO,221638
04-Feb-21,EMRO,24551
04-Feb-21,EURO,196241
04-Feb-21,Other,0
04-Feb-21,SEARO,26818
04-Feb-21,WPRO,8784
05-Feb-21,AFRO,12355
05-Feb-21,AMRO,234631
05-Feb-21,EMRO,23796
05-Feb-21,EURO,177204
05-Feb-21,Other,0
05-Feb-21,SEARO,26357
05-Feb-21,WPRO,9312
06-Feb-21,AFRO,15640
06-Feb-21,AMRO,240989
06-Feb-21,EMRO,24033
06-Feb-21,EURO,155377
06-Feb-21,Other,0
06-Feb-21,SEARO,25598
06-Feb-21,WPRO,8157
07-Feb-21,AFRO,10429
07-Feb-21,AMRO,235074
07-Feb-21,EMRO,21510
07-Feb-21,EURO,163973
07-Feb-21,Other,0
07-Feb-21,SEARO,24433
07-Feb-21,WPRO,8385
08-Feb-21,AFRO,8213
08-Feb-21,AMRO,210847
08-Feb-21,EMRO,22862
08-Feb-21,EURO,124691
08-Feb-21,Other,0
08-Feb-21,SEARO,21841
08-Feb-21,WPRO,7494
09-Feb-21,AFRO,9052
09-Feb-21,AMRO,153583
09-Feb-21,EMRO,22558
09-Feb-21,EURO,117846
09-Feb-21,Other,0
09-Feb-21,SEARO,19741
09-Feb-21,WPRO,7087
10-Feb-21,AFRO,11013
10-Feb-21,AMRO,138917
10-Feb-21,EMRO,24861
10-Feb-21,EURO,147722
10-Feb-21,Other,0
10-Feb-21,SEARO,21624
10-Feb-21,WPRO,6003
11-Feb-21,AFRO,10577
11-Feb-21,AMRO,186907
11-Feb-21,EMRO,25957
11-Feb-21,EURO,163768
11-Feb-21,Other,0
11-Feb-21,SEARO,23235
11-Feb-21,WPRO,7139
12-Feb-21,AFRO,9728
12-Feb-21,AMRO,206605
12-Feb-21,EMRO,26249
12-Feb-21,EURO,151332
12-Feb-21,Other,0
12-Feb-21,SEARO,20967
12-Feb-21,WPRO,7402
13-Feb-21,AFRO,9956
13-Feb-21,AMRO,206028
13-Feb-21,EMRO,25065
13-Feb-21,EURO,134255
13-Feb-21,Other,0
13-Feb-21,SEARO,22509
13-Feb-21,WPRO,7212
14-Feb-21,AFRO,9576
14-Feb-21,AMRO,206107
14-Feb-21,EMRO,22949
14-Feb-21,EURO,142036
14-Feb-21,Other,0
14-Feb-21,SEARO,20487
14-Feb-21,WPRO,7235
15-Feb-21,AFRO,8705
15-Feb-21,AMRO,173572
15-Feb-21,EMRO,24798
15-Feb-21,EURO,109735
15-Feb-21,Other,0
15-Feb-21,SEARO,19759
15-Feb-21,WPRO,6186
16-Feb-21,AFRO,9293
16-Feb-21,AMRO,120496
16-Feb-21,EMRO,24129
16-Feb-21,EURO,112693
16-Feb-21,Other,0
16-Feb-21,SEARO,20630
16-Feb-21,WPRO,6484
17-Feb-21,AFRO,8621
17-Feb-21,AMRO,111573
17-Feb-21,EMRO,27006
17-Feb-21,EURO,146312
17-Feb-21,Other,0
17-Feb-21,SEARO,22935
17-Feb-21,WPRO,6072
18-Feb-21,AFRO,10662
18-Feb-21,AMRO,149082
18-Feb-21,EMRO,28293
18-Feb-21,EURO,157793
18-Feb-21,Other,0
18-Feb-21,SEARO,23207
18-Feb-21,WPRO,6321
19-Feb-21,AFRO,9773
19-Feb-21,AMRO,170480
19-Feb-21,EMRO,26863
19-Feb-21,EURO,151044
19-Feb-21,Other,0
19-Feb-21,SEARO,25084
19-Feb-21,WPRO,6703
20-Feb-21,AFRO,10351
20-Feb-21,AMRO,168302
20-Feb-21,EMRO,25434
20-Feb-21,EURO,137657
20-Feb-21,Other,0
20-Feb-21,SEARO,23281
20-Feb-21,WPRO,6855
21-Feb-21,AFRO,9048
21-Feb-21,AMRO,169416
21-Feb-21,EMRO,25495
21-Feb-21,EURO,150623
21-Feb-21,Other,0
21-Feb-21,SEARO,22754
21-Feb-21,WPRO,6393
22-Feb-21,AFRO,6954
22-Feb-21,AMRO,168559
22-Feb-21,EMRO,27068
22-Feb-21,EURO,117495
22-Feb-21,Other,0
22-Feb-21,SEARO,25649
22-Feb-21,WPRO,6802
23-Feb-21,AFRO,6707
23-Feb-21,AMRO,120297
23-Feb-21,EMRO,27631
23-Feb-21,EURO,125219
23-Feb-21,Other,0
23-Feb-21,SEARO,21590
23-Feb-21,WPRO,5863
24-Feb-21,AFRO,7561
24-Feb-21,AMRO,113122
24-Feb-21,EMRO,30966
24-Feb-21,EURO,163135
24-Feb-21,Other,0
24-Feb-21,SEARO,22507
24-Feb-21,WPRO,5489
25-Feb-21,AFRO,7912
25-Feb-21,AMRO,171143
25-Feb-21,EMRO,31113
25-Feb-21,EURO,174471
25-Feb-21,Other,0
25-Feb-21,SEARO,26501
25-Feb-21,WPRO,6759
26-Feb-21,AFRO,8210
26-Feb-21,AMRO,187400
26-Feb-21,EMRO,31517
26-Feb-21,EURO,165935
26-Feb-21,Other,0
26-Feb-21,SEARO,26100
26-Feb-21,WPRO,5738
27-Feb-21,AFRO,5769
27-Feb-21,AMRO,187480
27-Feb-21,EMRO,30995
27-Feb-21,EURO,154696
27-Feb-21,Other,0
27-Feb-21,SEARO,23850
27-Feb-21,WPRO,6568
28-Feb-21,AFRO,7211
28-Feb-21,AMRO,179687
28-Feb-21,EMRO,27935
28-Feb-21,EURO,158559
28-Feb-21,Other,0
28-Feb-21,SEARO,23401
28-Feb-21,WPRO,6999
01-Mar-21,AFRO,10854
01-Mar-21,AMRO,169879
01-Mar-21,EMRO,30163
01-Mar-21,EURO,124267
01-Mar-21,Other,0
01-Mar-21,SEARO,23444
01-Mar-21,WPRO,6084
02-Mar-21,AFRO,6798
02-Mar-21,AMRO,113819
02-Mar-21,EMRO,30798
02-Mar-21,EURO,133368
02-Mar-21,Other,0
02-Mar-21,SEARO,19165
02-Mar-21,WPRO,5154
03-Mar-21,AFRO,5827
03-Mar-21,AMRO,115262
03-Mar-21,EMRO,33299
03-Mar-21,EURO,174543
03-Mar-21,Other,0
03-Mar-21,SEARO,23044
03-Mar-21,WPRO,5098
04-Mar-21,AFRO,8285
04-Mar-21,AMRO,157466
04-Mar-21,EMRO,34810
04-Mar-21,EURO,190614
04-Mar-21,Other,0
04-Mar-21,SEARO,26018
04-Mar-21,WPRO,5330
05-Mar-21,AFRO,6708
05-Mar-21,AMRO,172587
05-Mar-21,EMRO,35530
05-Mar-21,EURO,178260
05-Mar-21,Other,0
05-Mar-21,SEARO,25117
05-Mar-21,WPRO,6276
06-Mar-21,AFRO,7325
06-Mar-21,AMRO,187391
06-Mar-21,EMRO,33647
06-Mar-21,EURO,151110
06-Mar-21,Other,0
06-Mar-21,SEARO,25243
06-Mar-21,WPRO,6984
07-Mar-21,AFRO,9544
07-Mar-21,AMRO,183652
07-Mar-21,EMRO,30363
07-Mar-21,EURO,189429
07-Mar-21,Other,0
07-Mar-21,SEARO,25778
07-Mar-21,WPRO,6757
08-Mar-21,AFRO,9012
08-Mar-21,AMRO,163948
08-Mar-21,EMRO,33315
08-Mar-21,EURO,130751
08-Mar-21,Other,0
08-Mar-21,SEARO,26985
08-Mar-21,WPRO,6619
09-Mar-21,AFRO,4949
09-Mar-21,AMRO,154088
09-Mar-21,EMRO,34136
09-Mar-21,EURO,142607
09-Mar-21,Other,0
09-Mar-21,SEARO,23254
09-Mar-21,WPRO,6314
10-Mar-21,AFRO,6569
10-Mar-21,AMRO,106794
10-Mar-21,EMRO,35860
10-Mar-21,EURO,184457
10-Mar-21,Other,0
10-Mar-21,SEARO,25184
10-Mar-21,WPRO,5704
11-Mar-21,AFRO,7980
11-Mar-21,AMRO,165905
11-Mar-21,EMRO,36353
11-Mar-21,EURO,207950
11-Mar-21,Other,0
11-Mar-21,SEARO,29687
11-Mar-21,WPRO,6408
12-Mar-21,AFRO,8070
12-Mar-21,AMRO,186289
12-Mar-21,EMRO,37070
12-Mar-21,EURO,199792
12-Mar-21,Other,0
12-Mar-21,SEARO,31322
12-Mar-21,WPRO,7561
13-Mar-21,AFRO,5867
13-Mar-21,AMRO,181690
13-Mar-21,EMRO,36378
13-Mar-21,EURO,194791
13-Mar-21,Other,0
13-Mar-21,SEARO,31071
13-Mar-21,WPRO,8324
14-Mar-21,AFRO,10240
14-Mar-21,AMRO,193462
14-Mar-21,EMRO,30452
14-Mar-21,EURO,203056
14-Mar-21,Other,0
14-Mar-21,SEARO,31848
14-Mar-21,WPRO,8613
15-Mar-21,AFRO,5320
15-Mar-21,AMRO,166652
15-Mar-21,EMRO,36800
15-Mar-21,EURO,157250
15-Mar-21,Other,0
15-Mar-21,SEARO,34242
15-Mar-21,WPRO,7984
16-Mar-21,AFRO,4668
16-Mar-21,AMRO,112911
16-Mar-21,EMRO,36182
16-Mar-21,EURO,170468
16-Mar-21,Other,0
16-Mar-21,SEARO,32347
16-Mar-21,WPRO,8169
17-Mar-21,AFRO,6979
17-Mar-21,AMRO,115450
17-Mar-21,EMRO,39497
17-Mar-21,EURO,214551
17-Mar-21,Other,0
17-Mar-21,SEARO,38451
17-Mar-21,WPRO,7426
18-Mar-21,AFRO,9413
18-Mar-21,AMRO,176310
18-Mar-21,EMRO,40280
18-Mar-21,EURO,242226
18-Mar-21,Other,0
18-Mar-21,SEARO,45361
18-Mar-21,WPRO,7952
19-Mar-21,AFRO,7693
19-Mar-21,AMRO,197508
19-Mar-21,EMRO,40362
19-Mar-21,EURO,232539
19-Mar-21,Other,0
19-Mar-21,SEARO,48619
19-Mar-21,WPRO,8892
20-Mar-21,AFRO,8752
20-Mar-21,AMRO,197726
20-Mar-21,EMRO,38162
20-Mar-21,EURO,215574
20-Mar-21,Other,0
20-Mar-21,SEARO,49125
20-Mar-21,WPRO,11169
21-Mar-21,AFRO,8091
21-Mar-21,AMRO,202724
21-Mar-21,EMRO,32447
21-Mar-21,EURO,228548
21-Mar-21,Other,0
21-Mar-21,SEARO,51130
21-Mar-21,WPRO,12128
22-Mar-21,AFRO,7322
22-Mar-21,AMRO,190634
22-Mar-21,EMRO,40065
22-Mar-21,EURO,178624
22-Mar-21,Other,0
22-Mar-21,SEARO,56233
22-Mar-21,WPRO,11127
23-Mar-21,AFRO,7341
23-Mar-21,AMRO,122401
23-Mar-21,EMRO,39209
23-Mar-21,EURO,202164
23-Mar-21,Other,0
23-Mar-21,SEARO,50596
23-Mar-21,WPRO,10960
24-Mar-21,AFRO,7183
24-Mar-21,AMRO,144948
24-Mar-21,EMRO,39511
24-Mar-21,EURO,246022
24-Mar-21,Other,0
24-Mar-21,SEARO,56707
24-Mar-21,WPRO,9614
25-Mar-21,AFRO,15770
25-Mar-21,AMRO,192492
25-Mar-21,EMRO,37518
25-Mar-21,EURO,275772
25-Mar-21,Other,0
25-Mar-21,SEARO,63867
25-Mar-21,WPRO,11080
26-Mar-21,AFRO,8481
26-Mar-21,AMRO,212639
26-Mar-21,EMRO,41595
26-Mar-21,EURO,262869
26-Mar-21,Other,0
26-Mar-21,SEARO,68622
26-Mar-21,WPRO,13301
27-Mar-21,AFRO,9559
27-Mar-21,AMRO,222384
27-Mar-21,EMRO,38810
27-Mar-21,EURO,234499
27-Mar-21,Other,0
27-Mar-21,SEARO,71049
27-Mar-21,WPRO,14535
28-Mar-21,AFRO,6630
28-Mar-21,AMRO,219363
28-Mar-21,EMRO,34422
28-Mar-21,EURO,257719
28-Mar-21,Other,0
28-Mar-21,SEARO,71261
28-Mar-21,WPRO,13773
29-Mar-21,AFRO,6708
29-Mar-21,AMRO,205229
29-Mar-21,EMRO,41092
29-Mar-21,EURO,197500
29-Mar-21,Other,0
29-Mar-21,SEARO,78780
29-Mar-21,WPRO,13477
30-Mar-21,AFRO,5940
30-Mar-21,AMRO,139441
30-Mar-21,EMRO,39717
30-Mar-21,EURO,207855
30-Mar-21,Other,0
30-Mar-21,SEARO,66526
30-Mar-21,WPRO,13987
31-Mar-21,AFRO,9350
31-Mar-21,AMRO,149612
31-Mar-21,EMRO,43203
31-Mar-21,EURO,253842
31-Mar-21,Other,0
31-Mar-21,SEARO,65548
31-Mar-21,WPRO,13851
01-Apr-21,AFRO,13687
01-Apr-21,AMRO,201663
01-Apr-21,EMRO,45565
01-Apr-21,EURO,288518
01-Apr-21,Other,0
01-Apr-21,SEARO,85714
01-Apr-21,WPRO,11440
02-Apr-21,AFRO,9048
02-Apr-21,AMRO,226608
02-Apr-21,EMRO,46372
02-Apr-21,EURO,266822
02-Apr-21,Other,0
02-Apr-21,SEARO,94288
02-Apr-21,WPRO,14268
03-Apr-21,AFRO,8482
03-Apr-21,AMRO,238302
03-Apr-21,EMRO,43585
03-Apr-21,EURO,231604
03-Apr-21,Other,0
03-Apr-21,SEARO,99696
03-Apr-21,WPRO,20663
04-Apr-21,AFRO,5573
04-Apr-21,AMRO,191619
04-Apr-21,EMRO,38686
04-Apr-21,EURO,202268
04-Apr-21,Other,0
04-Apr-21,SEARO,107626
04-Apr-21,WPRO,18071
05-Apr-21,AFRO,5741
05-Apr-21,AMRO,164881
05-Apr-21,EMRO,46984
05-Apr-21,EURO,204489
05-Apr-21,Other,0
05-Apr-21,SEARO,115160
05-Apr-21,WPRO,16224
06-Apr-21,AFRO,6106
06-Apr-21,AMRO,126768
06-Apr-21,EMRO,45798
06-Apr-21,EURO,180115
06-Apr-21,Other,0
06-Apr-21,SEARO,109605
06-Apr-21,WPRO,13255
07-Apr-21,AFRO,5488
07-Apr-21,AMRO,148466
07-Apr-21,EMRO,51785
07-Apr-21,EURO,217999
07-Apr-21,Other,0
07-Apr-21,SEARO,129281
07-Apr-21,WPRO,14595
08-Apr-21,AFRO,10727
08-Apr-21,AMRO,221461
08-Apr-21,EMRO,56676
08-Apr-21,EURO,274694
08-Apr-21,Other,0
08-Apr-21,SEARO,140391
08-Apr-21,WPRO,12556
09-Apr-21,AFRO,7555
09-Apr-21,AMRO,248787
09-Apr-21,EMRO,59627
09-Apr-21,EURO,272222
09-Apr-21,Other,0
09-Apr-21,SEARO,145992
09-Apr-21,WPRO,15844
10-Apr-21,AFRO,8339
10-Apr-21,AMRO,248638
10-Apr-21,EMRO,55632
10-Apr-21,EURO,243385
10-Apr-21,Other,0
10-Apr-21,SEARO,157017
10-Apr-21,WPRO,19957
11-Apr-21,AFRO,6782
11-Apr-21,AMRO,266686
11-Apr-21,EMRO,48465
11-Apr-21,EURO,250061
11-Apr-21,Other,0
11-Apr-21,SEARO,164528
11-Apr-21,WPRO,19403
12-Apr-21,AFRO,5673
12-Apr-21,AMRO,222601
12-Apr-21,EMRO,54599
12-Apr-21,EURO,197208
12-Apr-21,Other,0
12-Apr-21,SEARO,182810
12-Apr-21,WPRO,18213
13-Apr-21,AFRO,7742
13-Apr-21,AMRO,161148
13-Apr-21,EMRO,54836
13-Apr-21,EURO,199908
13-Apr-21,Other,0
13-Apr-21,SEARO,175202
13-Apr-21,WPRO,16945
14-Apr-21,AFRO,10235
14-Apr-21,AMRO,165224
14-Apr-21,EMRO,56275
14-Apr-21,EURO,247601
14-Apr-21,Other,0
14-Apr-21,SEARO,197354
14-Apr-21,WPRO,15727
15-Apr-21,AFRO,7348
15-Apr-21,AMRO,245164
15-Apr-21,EMRO,58913
15-Apr-21,EURO,268655
15-Apr-21,Other,0
15-Apr-21,SEARO,213495
15-Apr-21,WPRO,16496
16-Apr-21,AFRO,8709
16-Apr-21,AMRO,236304
16-Apr-21,EMRO,57831
16-Apr-21,EURO,250413
16-Apr-21,Other,0
16-Apr-21,SEARO,229937
16-Apr-21,WPRO,20081
17-Apr-21,AFRO,4191
17-Apr-21,AMRO,239411
17-Apr-21,EMRO,55882
17-Apr-21,EURO,227207
17-Apr-21,Other,0
17-Apr-21,SEARO,245961
17-Apr-21,WPRO,20071
18-Apr-21,AFRO,10399
18-Apr-21,AMRO,256306
18-Apr-21,EMRO,47840
18-Apr-21,EURO,235179
18-Apr-21,Other,0
18-Apr-21,SEARO,273216
18-Apr-21,WPRO,20643
19-Apr-21,AFRO,5726
19-Apr-21,AMRO,217337
19-Apr-21,EMRO,52955
19-Apr-21,EURO,171531
19-Apr-21,Other,0
19-Apr-21,SEARO,286182
19-Apr-21,WPRO,19149
20-Apr-21,AFRO,5392
20-Apr-21,AMRO,162938
20-Apr-21,EMRO,54715
20-Apr-21,EURO,198840
20-Apr-21,Other,0
20-Apr-21,SEARO,273006
20-Apr-21,WPRO,17073
21-Apr-21,AFRO,6623
21-Apr-21,AMRO,143585
21-Apr-21,EMRO,57889
21-Apr-21,EURO,229818
21-Apr-21,Other,0
21-Apr-21,SEARO,309644
21-Apr-21,WPRO,16559
22-Apr-21,AFRO,6279
22-Apr-21,AMRO,218976
22-Apr-21,EMRO,58700
22-Apr-21,EURO,251082
22-Apr-21,Other,1
22-Apr-21,SEARO,329930
22-Apr-21,WPRO,19059
23-Apr-21,AFRO,11470
23-Apr-21,AMRO,232855
23-Apr-21,EMRO,56478
23-Apr-21,EURO,226308
23-Apr-21,Other,0
23-Apr-21,SEARO,347713
23-Apr-21,WPRO,20206
24-Apr-21,AFRO,7812
24-Apr-21,AMRO,208156
24-Apr-21,EMRO,52447
24-Apr-21,EURO,194109
24-Apr-21,Other,0
24-Apr-21,SEARO,360561
24-Apr-21,WPRO,19434
25-Apr-21,AFRO,6044
25-Apr-21,AMRO,229682
25-Apr-21,EMRO,45140
25-Apr-21,EURO,188718
25-Apr-21,Other,0
25-Apr-21,SEARO,363642
25-Apr-21,WPRO,20289
26-Apr-21,AFRO,5570
26-Apr-21,AMRO,206679
26-Apr-21,EMRO,48405
26-Apr-21,EURO,149519
26-Apr-21,Other,0
26-Apr-21,SEARO,369130
26-Apr-21,WPRO,18181
27-Apr-21,AFRO,5126
27-Apr-21,AMRO,140424
27-Apr-21,EMRO,47411
27-Apr-21,EURO,148062
27-Apr-21,Other,0
27-Apr-21,SEARO,339035
27-Apr-21,WPRO,18070
28-Apr-21,AFRO,5412
28-Apr-21,AMRO,123325
28-Apr-21,EMRO,48869
28-Apr-21,EURO,186267
28-Apr-21,Other,12
28-Apr-21,SEARO,377966
28-Apr-21,WPRO,17267
29-Apr-21,AFRO,5721
29-Apr-21,AMRO,206319
29-Apr-21,EMRO,49444
29-Apr-21,EURO,200036
29-Apr-21,Other,0
29-Apr-21,SEARO,396065
29-Apr-21,WPRO,18360
30-Apr-21,AFRO,5066
30-Apr-21,AMRO,224004
30-Apr-21,EMRO,47374
30-Apr-21,EURO,170487
30-Apr-21,Other,0
30-Apr-21,SEARO,403607
30-Apr-21,WPRO,20173
01-May-21,AFRO,11135
01-May-21,AMRO,219946
01-May-21,EMRO,44693
01-May-21,EURO,153355
01-May-21,Other,0
01-May-21,SEARO,417838
01-May-21,WPRO,19967
02-May-21,AFRO,4718
02-May-21,AMRO,208413
02-May-21,EMRO,38308
02-May-21,EURO,152396
02-May-21,Other,0
02-May-21,SEARO,409777
02-May-21,WPRO,20581
03-May-21,AFRO,4234
03-May-21,AMRO,189635
03-May-21,EMRO,41367
03-May-21,EURO,111593
03-May-21,Other,0
03-May-21,SEARO,386645
03-May-21,WPRO,20127
04-May-21,AFRO,4021
04-May-21,AMRO,125025
04-May-21,EMRO,42461
04-May-21,EURO,111789
04-May-21,Other,0
04-May-21,SEARO,375538
04-May-21,WPRO,17026
05-May-21,AFRO,5110
05-May-21,AMRO,116676
05-May-21,EMRO,43442
05-May-21,EURO,138101
05-May-21,Other,0
05-May-21,SEARO,402890
05-May-21,WPRO,16022
06-May-21,AFRO,10433
06-May-21,AMRO,197113
06-May-21,EMRO,40101
06-May-21,EURO,155846
06-May-21,Other,0
06-May-21,SEARO,433340
06-May-21,WPRO,16031
07-May-21,AFRO,6746
07-May-21,AMRO,197931
07-May-21,EMRO,41907
07-May-21,EURO,136882
07-May-21,Other,0
07-May-21,SEARO,436099
07-May-21,WPRO,17560
08-May-21,AFRO,6076
08-May-21,AMRO,204772
08-May-21,EMRO,38918
08-May-21,EURO,124613
08-May-21,Other,0
08-May-21,SEARO,421856
08-May-21,WPRO,20094
09-May-21,AFRO,5570
09-May-21,AMRO,206224
09-May-21,EMRO,32657
09-May-21,EURO,128467
09-May-21,Other,0
09-May-21,SEARO,423829
09-May-21,WPRO,20212
10-May-21,AFRO,4735
10-May-21,AMRO,172093
10-May-21,EMRO,34394
10-May-21,EURO,92869
10-May-21,Other,0
10-May-21,SEARO,387306
10-May-21,WPRO,20236
11-May-21,AFRO,3798
11-May-21,AMRO,128861
11-May-21,EMRO,37798
11-May-21,EURO,92357
11-May-21,Other,0
11-May-21,SEARO,351655
11-May-21,WPRO,18719
12-May-21,AFRO,7361
12-May-21,AMRO,106377
12-May-21,EMRO,38355
12-May-21,EURO,100415
12-May-21,Other,0
12-May-21,SEARO,369557
12-May-21,WPRO,16582
13-May-21,AFRO,6024
13-May-21,AMRO,184707
13-May-21,EMRO,34998
13-May-21,EURO,122535
13-May-21,Other,0
13-May-21,SEARO,384945
13-May-21,WPRO,18592
14-May-21,AFRO,8696
14-May-21,AMRO,195261
14-May-21,EMRO,32254
14-May-21,EURO,103041
14-May-21,Other,0
14-May-21,SEARO,361387
14-May-21,WPRO,20322
15-May-21,AFRO,6366
15-May-21,AMRO,203284
15-May-21,EMRO,23140
15-May-21,EURO,89275
15-May-21,Other,0
15-May-21,SEARO,343466
15-May-21,WPRO,19169
16-May-21,AFRO,5357
16-May-21,AMRO,212172
16-May-21,EMRO,19096
16-May-21,EURO,92699
16-May-21,Other,0
16-May-21,SEARO,327439
16-May-21,WPRO,19135
17-May-21,AFRO,4529
17-May-21,AMRO,175766
17-May-21,EMRO,25464
17-May-21,EURO,75239
17-May-21,Other,0
17-May-21,SEARO,309274
17-May-21,WPRO,16960
18-May-21,AFRO,5105
18-May-21,AMRO,119864
18-May-21,EMRO,31355
18-May-21,EURO,72995
18-May-21,Other,2
18-May-21,SEARO,283805
18-May-21,WPRO,17209
19-May-21,AFRO,6295
19-May-21,AMRO,124808
19-May-21,EMRO,32485
19-May-21,EURO,94017
19-May-21,Other,1
19-May-21,SEARO,290306
19-May-21,WPRO,16458
20-May-21,AFRO,6619
20-May-21,AMRO,189465
20-May-21,EMRO,33459
20-May-21,EURO,98521
20-May-21,Other,1
20-May-21,SEARO,300076
20-May-21,WPRO,18801
21-May-21,AFRO,8065
21-May-21,AMRO,206765
21-May-21,EMRO,34385
21-May-21,EURO,81383
21-May-21,Other,0
21-May-21,SEARO,284069
21-May-21,WPRO,20976
22-May-21,AFRO,5830
22-May-21,AMRO,207170
22-May-21,EMRO,31363
22-May-21,EURO,86981
22-May-21,Other,2
22-May-21,SEARO,280364
22-May-21,WPRO,20513
23-May-21,AFRO,6889
23-May-21,AMRO,198154
23-May-21,EMRO,27207
23-May-21,EURO,73321
23-May-21,Other,0
23-May-21,SEARO,263138
23-May-21,WPRO,20736
24-May-21,AFRO,5681
24-May-21,AMRO,185188
24-May-21,EMRO,28186
24-May-21,EURO,55111
24-May-21,Other,0
24-May-21,SEARO,244208
24-May-21,WPRO,15529
25-May-21,AFRO,5820
25-May-21,AMRO,126260
25-May-21,EMRO,30764
25-May-21,EURO,48135
25-May-21,Other,0
25-May-21,SEARO,218751
25-May-21,WPRO,17202
26-May-21,AFRO,8549
26-May-21,AMRO,124573
26-May-21,EMRO,33133
26-May-21,EURO,58578
26-May-21,Other,0
26-May-21,SEARO,228554
26-May-21,WPRO,18083
27-May-21,AFRO,7836
27-May-21,AMRO,182165
27-May-21,EMRO,31605
27-May-21,EURO,76669
27-May-21,Other,0
27-May-21,SEARO,233142
27-May-21,WPRO,20085
28-May-21,AFRO,8284
28-May-21,AMRO,205841
28-May-21,EMRO,31624
28-May-21,EURO,78345
28-May-21,Other,0
28-May-21,SEARO,208196
28-May-21,WPRO,21434
29-May-21,AFRO,8659
29-May-21,AMRO,197181
29-May-21,EMRO,31549
29-May-21,EURO,70679
29-May-21,Other,0
29-May-21,SEARO,194726
29-May-21,WPRO,24126
30-May-21,AFRO,7839
30-May-21,AMRO,177564
30-May-21,EMRO,25707
30-May-21,EURO,60252
30-May-21,Other,0
30-May-21,SEARO,185180
30-May-21,WPRO,22773
31-May-21,AFRO,7490
31-May-21,AMRO,180008
31-May-21,EMRO,27407
31-May-21,EURO,49037
31-May-21,Other,0
31-May-21,SEARO,173554
31-May-21,WPRO,19608
01-Jun-21,AFRO,7190
01-Jun-21,AMRO,124138
01-Jun-21,EMRO,30296
01-Jun-21,EURO,45985
01-Jun-21,Other,0
01-Jun-21,SEARO,145560
01-Jun-21,WPRO,18474
02-Jun-21,AFRO,8361
02-Jun-21,AMRO,112890
02-Jun-21,EMRO,30439
02-Jun-21,EURO,61475
02-Jun-21,Other,0
02-Jun-21,SEARO,152224
02-Jun-21,WPRO,17651
03-Jun-21,AFRO,9922
03-Jun-21,AMRO,202010
03-Jun-21,EMRO,32287
03-Jun-21,EURO,64112
03-Jun-21,Other,0
03-Jun-21,SEARO,155099
03-Jun-21,WPRO,18894
04-Jun-21,AFRO,10303
04-Jun-21,AMRO,212564
04-Jun-21,EMRO,29796
04-Jun-21,EURO,58638
04-Jun-21,Other,0
04-Jun-21,SEARO,152150
04-Jun-21,WPRO,21761
05-Jun-21,AFRO,12826
05-Jun-21,AMRO,199589
05-Jun-21,EMRO,28475
05-Jun-21,EURO,56014
05-Jun-21,Other,0
05-Jun-21,SEARO,138877
05-Jun-21,WPRO,21498
06-Jun-21,AFRO,9851
06-Jun-21,AMRO,159920
06-Jun-21,EMRO,23508
06-Jun-21,EURO,49779
06-Jun-21,Other,0
06-Jun-21,SEARO,131201
06-Jun-21,WPRO,20400
07-Jun-21,AFRO,9473
07-Jun-21,AMRO,165553
07-Jun-21,EMRO,23310
07-Jun-21,EURO,41129
07-Jun-21,Other,0
07-Jun-21,SEARO,118765
07-Jun-21,WPRO,18854
08-Jun-21,AFRO,7524
08-Jun-21,AMRO,123235
08-Jun-21,EMRO,22918
08-Jun-21,EURO,40112
08-Jun-21,Other,0
08-Jun-21,SEARO,104940
08-Jun-21,WPRO,15908
09-Jun-21,AFRO,12199
09-Jun-21,AMRO,120902
09-Jun-21,EMRO,28285
09-Jun-21,EURO,51842
09-Jun-21,Other,0
09-Jun-21,SEARO,112293
09-Jun-21,WPRO,15341
10-Jun-21,AFRO,15137
10-Jun-21,AMRO,154526
10-Jun-21,EMRO,30647
10-Jun-21,EURO,56169
10-Jun-21,Other,0
10-Jun-21,SEARO,114128
10-Jun-21,WPRO,17334
11-Jun-21,AFRO,16525
11-Jun-21,AMRO,200607
11-Jun-21,EMRO,32948
11-Jun-21,EURO,53443
11-Jun-21,Other,0
11-Jun-21,SEARO,110562
11-Jun-21,WPRO,18299
12-Jun-21,AFRO,17334
12-Jun-21,AMRO,196855
12-Jun-21,EMRO,28985
12-Jun-21,EURO,52126
12-Jun-21,Other,0
12-Jun-21,SEARO,101961
12-Jun-21,WPRO,18902
13-Jun-21,AFRO,16959
13-Jun-21,AMRO,187287
13-Jun-21,EMRO,24701
13-Jun-21,EURO,49742
13-Jun-21,Other,0
13-Jun-21,SEARO,100656
13-Jun-21,WPRO,19381
14-Jun-21,AFRO,14228
14-Jun-21,AMRO,173225
14-Jun-21,EMRO,25873
14-Jun-21,EURO,41568
14-Jun-21,Other,0
14-Jun-21,SEARO,90012
14-Jun-21,WPRO,17685
15-Jun-21,AFRO,11180
15-Jun-21,AMRO,113735
15-Jun-21,EMRO,28931
15-Jun-21,EURO,41041
15-Jun-21,Other,0
15-Jun-21,SEARO,79502
15-Jun-21,WPRO,16298
16-Jun-21,AFRO,20040
16-Jun-21,AMRO,119801
16-Jun-21,EMRO,28000
16-Jun-21,EURO,46297
16-Jun-21,Other,0
16-Jun-21,SEARO,83579
16-Jun-21,WPRO,16318
17-Jun-21,AFRO,20924
17-Jun-21,AMRO,177304
17-Jun-21,EMRO,32039
17-Jun-21,EURO,50493
17-Jun-21,Other,0
17-Jun-21,SEARO,91575
17-Jun-21,WPRO,16803
18-Jun-21,AFRO,25167
18-Jun-21,AMRO,199972
18-Jun-21,EMRO,31244
18-Jun-21,EURO,54331
18-Jun-21,Other,0
18-Jun-21,SEARO,87271
18-Jun-21,WPRO,18542
19-Jun-21,AFRO,18908
19-Jun-21,AMRO,178076
19-Jun-21,EMRO,27841
19-Jun-21,EURO,54375
19-Jun-21,Other,0
19-Jun-21,SEARO,85166
19-Jun-21,WPRO,19571
20-Jun-21,AFRO,21631
20-Jun-21,AMRO,191687
20-Jun-21,EMRO,21619
20-Jun-21,EURO,50290
20-Jun-21,Other,0
20-Jun-21,SEARO,83572
20-Jun-21,WPRO,18747
21-Jun-21,AFRO,20230
21-Jun-21,AMRO,164528
21-Jun-21,EMRO,29707
21-Jun-21,EURO,44153
21-Jun-21,Other,0
21-Jun-21,SEARO,80202
21-Jun-21,WPRO,16414
22-Jun-21,AFRO,20533
22-Jun-21,AMRO,114681
22-Jun-21,EMRO,30886
22-Jun-21,EURO,43970
22-Jun-21,Other,0
22-Jun-21,SEARO,71861
22-Jun-21,WPRO,14825
23-Jun-21,AFRO,20890
23-Jun-21,AMRO,103081
23-Jun-21,EMRO,33055
23-Jun-21,EURO,52144
23-Jun-21,Other,0
23-Jun-21,SEARO,79685
23-Jun-21,WPRO,13954
24-Jun-21,AFRO,28083
24-Jun-21,AMRO,177668
24-Jun-21,EMRO,33449
24-Jun-21,EURO,62327
24-Jun-21,Other,0
24-Jun-21,SEARO,89408
24-Jun-21,WPRO,15457
25-Jun-21,AFRO,30513
25-Jun-21,AMRO,217846
25-Jun-21,EMRO,34454
25-Jun-21,EURO,62166
25-Jun-21,Other,0
25-Jun-21,SEARO,84804
25-Jun-21,WPRO,18071
26-Jun-21,AFRO,26933
26-Jun-21,AMRO,182457
26-Jun-21,EMRO,32027
26-Jun-21,EURO,61161
26-Jun-21,Other,0
26-Jun-21,SEARO,82301
26-Jun-21,WPRO,19162
27-Jun-21,AFRO,30501
27-Jun-21,AMRO,179548
27-Jun-21,EMRO,27610
27-Jun-21,EURO,62051
27-Jun-21,Other,0
27-Jun-21,SEARO,84983
27-Jun-21,WPRO,18684
28-Jun-21,AFRO,23036
28-Jun-21,AMRO,155555
28-Jun-21,EMRO,28940
28-Jun-21,EURO,56117
28-Jun-21,Other,0
28-Jun-21,SEARO,85421
28-Jun-21,WPRO,17634
29-Jun-21,AFRO,21049
29-Jun-21,AMRO,107034
29-Jun-21,EMRO,32343
29-Jun-21,EURO,63683
29-Jun-21,Other,0
29-Jun-21,SEARO,75373
29-Jun-21,WPRO,15960
30-Jun-21,AFRO,22478
30-Jun-21,AMRO,111581
30-Jun-21,EMRO,37108
30-Jun-21,EURO,72093
30-Jun-21,Other,0
30-Jun-21,SEARO,86965
30-Jun-21,WPRO,16276
